interaction_id,table_id,row_type,pdf_page,report_page,table_title,condition_nominal,phase,sub_step,off_nominal_event,context,seq,media,subj_group,subj_position,obj_group,obj_position,interaction,condition,text_as_printed,controller_positions,freq,crit,rating_source,cited_7110_65,bb_paragraph,extraction_flags
2.1#01,2.1,interaction,28,p.26,Table 2.1: Examples of Off-Nominal Flightdeck Interactions with ATC,off-nominal,Preflight,,,report item no. 1,1,,FD,,ATC,,Advise ATC,If anything affects the RVSM status or ability to maintain flight level within 150 feet,1. Advise ATC (If anything affects the RVSM status or ability to maintain flight level within 150 feet),,,,,,n/a (flight-crew or FOC procedure; outside JO 7110.65),
2.1#02,2.1,interaction,28,p.26,Table 2.1: Examples of Off-Nominal Flightdeck Interactions with ATC,off-nominal,Preflight,,,report item no. 2,2,,FD,,ATC,,Advise ATC of the failure,If radar failure,2. Advise ATC of the failure (If radar failure),,,,,,n/a (flight-crew or FOC procedure; outside JO 7110.65),
2.1#03,2.1,interaction,28,p.26,Table 2.1: Examples of Off-Nominal Flightdeck Interactions with ATC,off-nominal,Preflight,,,report item no. 3,3,,FD,,ATC,,Contact ATC,"If an FMC, FMGC, GPS/IRS fails inflight","3. Contact ATC (If an FMC, FMGC, GPS/IRS fails inflight)",,,,,,n/a (flight-crew or FOC procedure; outside JO 7110.65),
2.1#04,2.1,interaction,28,p.26,Table 2.1: Examples of Off-Nominal Flightdeck Interactions with ATC,off-nominal,Preflight,,,report item no. 4,4,,FD,,ATC,,Contact ATC & request authority to continue operating at cleared flight level,If transponder fails,4. Contact ATC & request authority to continue operating at cleared flight level (If transponder fails),,,,,,n/a (flight-crew or FOC procedure; outside JO 7110.65),
2.1#05,2.1,interaction,28,p.26,Table 2.1: Examples of Off-Nominal Flightdeck Interactions with ATC,off-nominal,Preflight,,,report item no. 5,5,,FD,,ATC,,Contact ATC or OCC for PIREPS and other information,If radar attenuation,5. Contact ATC or OCC for PIREPS and other information (If radar attenuation),,,,,,n/a (flight-crew or FOC procedure; outside JO 7110.65),
2.1#06,2.1,interaction,28,p.26,Table 2.1: Examples of Off-Nominal Flightdeck Interactions with ATC,off-nominal,Taxi,,,report item no. 6,6,,FD,,ATC,,Notify ATC,If loss of All GPS/IRS and FMC procedures,6. Notify ATC (If loss of All GPS/IRS and FMC procedures),,,,,,n/a (flight-crew or FOC procedure; outside JO 7110.65),
2.1#07,2.1,interaction,28,p.26,Table 2.1: Examples of Off-Nominal Flightdeck Interactions with ATC,off-nominal,Inflight,,,report item no. 7,7,,FD,,ATC,,Notify ATC,If RNP-10 minimum equipment is not available,7. Notify ATC (If RNP-10 minimum equipment is not available),,,,,,n/a (flight-crew or FOC procedure; outside JO 7110.65),
2.1#08,2.1,interaction,28,p.26,Table 2.1: Examples of Off-Nominal Flightdeck Interactions with ATC,off-nominal,Inflight,,,report item no. 8,8,,FD,,ATC,,Report to ATC,"If loss of VOR, ADF, complete/partial loss of ILS receiver capability","8. Report to ATC (If loss of VOR, ADF, complete/partial loss of ILS receiver capability)",,,,,,n/a (flight-crew or FOC procedure; outside JO 7110.65),
2.1#09,2.1,interaction,28,p.26,Table 2.1: Examples of Off-Nominal Flightdeck Interactions with ATC,off-nominal,Inflight,,,report item no. 9,9,,FD,,ATC,,Report to ATC a degrade in the aircraft’s navigational capability as soon as possible,,9. Report to ATC a degrade in the aircraft’s navigational capability as soon as possible,,,,,,n/a (flight-crew or FOC procedure; outside JO 7110.65),
2.1#10,2.1,interaction,28,p.26,Table 2.1: Examples of Off-Nominal Flightdeck Interactions with ATC,off-nominal,Inflight,,,report item no. 10,10,,FD,,ATC,,Request new clearance,If any RVSM system fails,10. Request new clearance (If any RVSM system fails),,,,,,n/a (flight-crew or FOC procedure; outside JO 7110.65),
2.1#11,2.1,interaction,28,p.26,Table 2.1: Examples of Off-Nominal Flightdeck Interactions with ATC,off-nominal,Inflight,,,report item no. 11,11,,FD,,ATC,,Contact ATC if transponder fails,,11. Contact ATC if transponder fails,,,,,,n/a (flight-crew or FOC procedure; outside JO 7110.65),
2.1#12,2.1,interaction,28,p.26,Table 2.1: Examples of Off-Nominal Flightdeck Interactions with ATC,off-nominal,Inflight,,,report item no. 12,12,,FD,,ATC,,Revert to voice procedures If any question about clearance received via datalink,,12. Revert to voice procedures If any question about clearance received via datalink,,,,,,n/a (flight-crew or FOC procedure; outside JO 7110.65),
2.1#13,2.1,interaction,28,p.26,Table 2.1: Examples of Off-Nominal Flightdeck Interactions with ATC,off-nominal,Inflight,,,report item no. 13,13,,FD,,ATC,,Contact ATC by voice If no reply within 15 minutes of datalink request for clearance,,13. Contact ATC by voice If no reply within 15 minutes of datalink request for clearance,,,,,,n/a (flight-crew or FOC procedure; outside JO 7110.65),
2.1#14,2.1,interaction,28,p.26,Table 2.1: Examples of Off-Nominal Flightdeck Interactions with ATC,off-nominal,Inflight,,,report item no. 14,14,,FD,,ATC,,Verify clearance by voice If clearance confirmed message not receive within 5 minutes of sending CLA,,14. Verify clearance by voice If clearance confirmed message not receive within 5 minutes of sending CLA,,,,,,n/a (flight-crew or FOC procedure; outside JO 7110.65),
2.1#15,2.1,interaction,28,p.26,Table 2.1: Examples of Off-Nominal Flightdeck Interactions with ATC,off-nominal,Inflight,,,report item no. 15,15,,FD,,ATC,,Ask ATC for assistance,"If need to quickly, locate an off-line diversion airport to accommodate the aircraft","15. Ask ATC for assistance (If need to quickly, locate an off-line diversion airport to accommodate the aircraft)",,,,,,n/a (flight-crew or FOC procedure; outside JO 7110.65),
2.1#16,2.1,interaction,28,p.26,Table 2.1: Examples of Off-Nominal Flightdeck Interactions with ATC,off-nominal,Inflight,,,report item no. 16,16,,FD,,ATC,,Coordinate with ATC to determine the best course of action,If fuel crossfeed valve fails in closed position,16. Coordinate with ATC to determine the best course of action (If fuel crossfeed valve fails in closed position),,,,,,n/a (flight-crew or FOC procedure; outside JO 7110.65),
2.1#17,2.1,interaction,28,p.26,Table 2.1: Examples of Off-Nominal Flightdeck Interactions with ATC,off-nominal,Inflight,,,report item no. 17,17,,FD,,ATC,,Coordinate with ATC and other aircraft,If wake turbulence is encountered or anticipated,17. Coordinate with ATC and other aircraft (If wake turbulence is encountered or anticipated),,,,,,n/a (flight-crew or FOC procedure; outside JO 7110.65),
2.1#18,2.1,interaction,28,p.26,Table 2.1: Examples of Off-Nominal Flightdeck Interactions with ATC,off-nominal,Inflight,,,report item no. 18,18,,FD,,ATC,,Coordinate with ATC,If one engine inoperative,18. Coordinate with ATC (If one engine inoperative),,,,,,n/a (flight-crew or FOC procedure; outside JO 7110.65),
2.1#19,2.1,interaction,28,p.26,Table 2.1: Examples of Off-Nominal Flightdeck Interactions with ATC,off-nominal,Approach,,,report item no. 19,19,,FD,,ATC,,Coordinate with ATC,If navigation system failure,19. Coordinate with ATC (If navigation system failure),,,,,,n/a (flight-crew or FOC procedure; outside JO 7110.65),
2.1#20,2.1,interaction,28,p.26,Table 2.1: Examples of Off-Nominal Flightdeck Interactions with ATC,off-nominal,Approach,,,report item no. 20,20,,FD,,ATC,,Coordinate with ATC prior to applying any corrections,If Cold Temperature Approach Altitude Corrections,20. Coordinate with ATC prior to applying any corrections (If Cold Temperature Approach Altitude Corrections),,,,,,n/a (flight-crew or FOC procedure; outside JO 7110.65),
2.1#21,2.1,interaction,28,p.26,Table 2.1: Examples of Off-Nominal Flightdeck Interactions with ATC,off-nominal,Approach,,,report item no. 21,21,,FD,,ATC,,Receive advisory information from the controller,If deviation from glideslope,21. Receive advisory information from the controller (If deviation from glideslope),,,,,,n/a (flight-crew or FOC procedure; outside JO 7110.65),
2.2#01,2.2,interaction,29,p.27,Table 2.2: Examples of Off-Nominal Flightdeck Interactions with FOC,off-nominal,Preflight,,,report item no. 1,1,,FD,,FOC,,Captain and dispatch assessment will determine if pair is acceptable,If there is a SPAR condition/ procedure pair,1. Captain and dispatch assessment will determine if pair is acceptable (If there is a SPAR condition/ procedure pair),,,,,,,
2.2#02,2.2,interaction,29,p.27,Table 2.2: Examples of Off-Nominal Flightdeck Interactions with FOC,off-nominal,Preflight,,,report item no. 2,2,,FD,,FOC,,Concur with dispatch whether operations can continue,If precipitation accumulation on runway more than .5 inch,2. Concur with dispatch whether operations can continue (If precipitation accumulation on runway more than .5 inch),,,,,,,
2.2#03,2.2,interaction,29,p.27,Table 2.2: Examples of Off-Nominal Flightdeck Interactions with FOC,off-nominal,Preflight,,,report item no. 3,3,,FD,,FOC,,Confer with dispatch when necessary,If clearance differs from the Flight Release routing,3. Confer with dispatch when necessary (If clearance differs from the Flight Release routing),,,,,,,
2.2#04,2.2,interaction,29,p.27,Table 2.2: Examples of Off-Nominal Flightdeck Interactions with FOC,off-nominal,Preflight,,,report item no. 4,4,,FD,,FOC,,Coordinated with dispatch,If discrepancy in FDML at non-maintenance station,4. Coordinated with dispatch (If discrepancy in FDML at non-maintenance station),,,,,,,
2.2#05,2.2,interaction,29,p.27,Table 2.2: Examples of Off-Nominal Flightdeck Interactions with FOC,off-nominal,Inflight,,,report item no. 5,5,,FD,,FOC,,"Captain and dispatch exercise teamwork, initiative, and good judgment with ultimate responsibility with the captain",If emergency,"5. Captain and dispatch exercise teamwork, initiative, and good judgment with ultimate responsibility with the captain (If emergency)",,,,,,,
2.2#06,2.2,interaction,29,p.27,Table 2.2: Examples of Off-Nominal Flightdeck Interactions with FOC,off-nominal,Inflight,,,report item no. 6,6,,FD,,FOC,,Consult dispatch,If criminal acts,6. Consult dispatch (If criminal acts),,,,,,,
2.2#07,2.2,interaction,29,p.27,Table 2.2: Examples of Off-Nominal Flightdeck Interactions with FOC,off-nominal,Inflight,,,report item no. 7,7,,FD,,FOC,,Contact dispatch to obtain new flight plan,"If prior to ETOPS entry, significant ATC reroute","7. Contact dispatch to obtain new flight plan (If prior to ETOPS entry, significant ATC reroute)",,,,,,,
2.2#08,2.2,interaction,29,p.27,Table 2.2: Examples of Off-Nominal Flightdeck Interactions with FOC,off-nominal,Inflight,,,report item no. 8,8,,FD,,FOC,,Coordinate with dispatch,"If after ETOPS entry, alternate forecast is revised below limits","8. Coordinate with dispatch (If after ETOPS entry, alternate forecast is revised below limits)",,,,,,,
2.2#09,2.2,interaction,29,p.27,Table 2.2: Examples of Off-Nominal Flightdeck Interactions with FOC,off-nominal,Inflight,,,report item no. 9,9,,FD,,FOC,,Coordinate with dispatch,If pilot incapacitation,9. Coordinate with dispatch (If pilot incapacitation),,,,,,,
2.2#10,2.2,interaction,29,p.27,Table 2.2: Examples of Off-Nominal Flightdeck Interactions with FOC,off-nominal,Inflight,,,report item no. 10,10,,FD,,FOC,,Determine nearest suitable airport with dispatch,If FAA does not define suitable airport for emergency landing,10. Determine nearest suitable airport with dispatch (If FAA does not define suitable airport for emergency landing),,,,,,,
2.3#01,2.3,interaction,30,p.28,Table 2.3: Most Frequent Interactions Under Nominal Conditions by Phase of Flight,nominal,Preflight,,,,1,,FD,,,,Request PDC via ACARS,,Request PDC via ACARS,,>2 of 4 (listed only if above threshold),,"pilot survey (n=11, one operator)",,,
2.3#02,2.3,interaction,30,p.28,Table 2.3: Most Frequent Interactions Under Nominal Conditions by Phase of Flight,nominal,Preflight,,,,2,,FD,,ATC,,Inform ATC on initial contact of the ATIS identifier they have reviewed,,Inform ATC on initial contact of the ATIS identifier they have reviewed,,>2 of 4 (listed only if above threshold),,"pilot survey (n=11, one operator)",,n/a (flight-crew or FOC procedure; outside JO 7110.65),obj_group-inferred-from-text
2.3#03,2.3,interaction,30,p.28,Table 2.3: Most Frequent Interactions Under Nominal Conditions by Phase of Flight,nominal,Preflight,,,,3,,FD,,ATC/FOC,,Call dispatch when at the gate to get preflight briefings,,Call dispatch when at the gate to get preflight briefings,,>2 of 4 (listed only if above threshold),,"pilot survey (n=11, one operator)",,n/a (flight-crew or FOC procedure; outside JO 7110.65),obj_group-inferred-from-text
2.3#04,2.3,interaction,30,p.28,Table 2.3: Most Frequent Interactions Under Nominal Conditions by Phase of Flight,nominal,Taxi,,,,4,,FD,,ATC,,Obtain taxi clearance from ATC prior to taxiing onto a movement area,,Obtain taxi clearance from ATC prior to taxiing onto a movement area,,>2 of 4 (listed only if above threshold),,"pilot survey (n=11, one operator)",,n/a (flight-crew or FOC procedure; outside JO 7110.65),obj_group-inferred-from-text
2.3#05,2.3,interaction,30,p.28,Table 2.3: Most Frequent Interactions Under Nominal Conditions by Phase of Flight,nominal,Taxi,,,,5,,FD,,ATC,,Acknowledge any hold short instructions to ATC,,Acknowledge any hold short instructions to ATC,,>2 of 4 (listed only if above threshold),,"pilot survey (n=11, one operator)",,n/a (flight-crew or FOC procedure; outside JO 7110.65),obj_group-inferred-from-text
2.3#06,2.3,interaction,30,p.28,Table 2.3: Most Frequent Interactions Under Nominal Conditions by Phase of Flight,nominal,Taxi/takeoff,,,,6,,FD,,ATC,,Request ATC clearance prior to operating an aircraft on a runway or taxiway or taking off,,Request ATC clearance prior to operating an aircraft on a runway or taxiway or taking off,,>2 of 4 (listed only if above threshold),,"pilot survey (n=11, one operator)",,n/a (flight-crew or FOC procedure; outside JO 7110.65),obj_group-inferred-from-text
2.3#07,2.3,interaction,30,p.28,Table 2.3: Most Frequent Interactions Under Nominal Conditions by Phase of Flight,nominal,Inflight,,,,7,,FD,,,,Report vacating any previously assigned altitude or flight level for a newly assigned level.,,Report vacating any previously assigned altitude or flight level for a newly assigned level.,,>2 of 4 (listed only if above threshold),,"pilot survey (n=11, one operator)",,,
2.3#08,2.3,interaction,30,p.28,Table 2.3: Most Frequent Interactions Under Nominal Conditions by Phase of Flight,nominal,Inflight,,,,8,,FD,,,,Acknowledge receipt of traffic advisories,,Acknowledge receipt of traffic advisories,,>2 of 4 (listed only if above threshold),,"pilot survey (n=11, one operator)",,,
2.3#09,2.3,interaction,30,p.28,Table 2.3: Most Frequent Interactions Under Nominal Conditions by Phase of Flight,nominal,Inflight,,,,9,,FD,,ATC,,Inform ATC if traffic in sight,,Inform ATC if traffic in sight,,>2 of 4 (listed only if above threshold),,"pilot survey (n=11, one operator)",,n/a (flight-crew or FOC procedure; outside JO 7110.65),obj_group-inferred-from-text
2.3#10,2.3,interaction,30,p.28,Table 2.3: Most Frequent Interactions Under Nominal Conditions by Phase of Flight,nominal,Inflight,,,,10,,FD,,ATC,,Advise ATC prior to any altitude change to ensure the exchange of accurate traffic information,,Advise ATC prior to any altitude change to ensure the exchange of accurate traffic information,,>2 of 4 (listed only if above threshold),,"pilot survey (n=11, one operator)",,n/a (flight-crew or FOC procedure; outside JO 7110.65),obj_group-inferred-from-text
2.3#11,2.3,interaction,30,p.28,Table 2.3: Most Frequent Interactions Under Nominal Conditions by Phase of Flight,nominal,Inflight,,,,11,,FD,,,,"Confirm clearance paying attention those received in areas of high terrain, or include a change to heading, route/waypoints, altitude, or involve instructions for holding short of a runway",,"Confirm clearance paying attention those received in areas of high terrain, or include a change to heading, route/waypoints, altitude, or involve instructions for holding short of a runway",,>2 of 4 (listed only if above threshold),,"pilot survey (n=11, one operator)",,,
2.4#01,2.4,interaction,30,p.28,Table 2.4: Most Frequent Interactions Under Off-Nominal Conditions by Phase of Flight,off-nominal,Preflight,,,,1,,FD,,ATC/FOC,,Communicate mechanical delays to dispatch,,Communicate mechanical delays to dispatch,,>2 of 4 (listed only if above threshold),,"pilot survey (n=11, one operator)",,n/a (flight-crew or FOC procedure; outside JO 7110.65),obj_group-inferred-from-text
2.4#02,2.4,interaction,30,p.28,Table 2.4: Most Frequent Interactions Under Off-Nominal Conditions by Phase of Flight,off-nominal,Preflight,,,,2,,FD,,ATC/FOC,,Notify dispatch if FOB exceeds release fuel,If weight restricted flight,Notify dispatch if FOB exceeds release fuel (If weight restricted flight),,>2 of 4 (listed only if above threshold),,"pilot survey (n=11, one operator)",,n/a (flight-crew or FOC procedure; outside JO 7110.65),obj_group-inferred-from-text
2.4#03,2.4,interaction,30,p.28,Table 2.4: Most Frequent Interactions Under Off-Nominal Conditions by Phase of Flight,off-nominal,Preflight,,,,3,,FD,,ATC/FOC,,Contact dispatch,If performance limitations or inflight restrictions preclude operations,Contact dispatch (If performance limitations or inflight restrictions preclude operations),,>2 of 4 (listed only if above threshold),,"pilot survey (n=11, one operator)",,n/a (flight-crew or FOC procedure; outside JO 7110.65),obj_group-inferred-from-text
2.4#04,2.4,interaction,30,p.28,Table 2.4: Most Frequent Interactions Under Off-Nominal Conditions by Phase of Flight,off-nominal,Preflight,,,,4,,FD,,ATC/FOC,,Captain and dispatch will determine if pair is acceptable,If SPAR condition/procedure pair,Captain and dispatch will determine if pair is acceptable (If SPAR condition/procedure pair),,>2 of 4 (listed only if above threshold),,"pilot survey (n=11, one operator)",,n/a (flight-crew or FOC procedure; outside JO 7110.65),obj_group-inferred-from-text
2.4#05,2.4,interaction,30,p.28,Table 2.4: Most Frequent Interactions Under Off-Nominal Conditions by Phase of Flight,off-nominal,Preflight,,,,5,,FD,,ATC,,Obtain clearance from ATC prior to starting engines and/ or taxiing out of any de/anti-icing area,,Obtain clearance from ATC prior to starting engines and/ or taxiing out of any de/anti-icing area,,>2 of 4 (listed only if above threshold),,"pilot survey (n=11, one operator)",,n/a (flight-crew or FOC procedure; outside JO 7110.65),obj_group-inferred-from-text
2.4#06,2.4,interaction,30,p.28,Table 2.4: Most Frequent Interactions Under Off-Nominal Conditions by Phase of Flight,off-nominal,Inflight,,,,6,,FD,,ATC,,Contact ATC as early as possible for deviations,If hazardous weather,Contact ATC as early as possible for deviations (If hazardous weather),,>2 of 4 (listed only if above threshold),,"pilot survey (n=11, one operator)",,n/a (flight-crew or FOC procedure; outside JO 7110.65),obj_group-inferred-from-text
2.4#07,2.4,interaction,30,p.28,Table 2.4: Most Frequent Interactions Under Off-Nominal Conditions by Phase of Flight,off-nominal,Inflight,,,,7,,FD,,ATC,,Keep ATC advised of intentions and obtain traffic information,If deviation greater than 10 NM,Keep ATC advised of intentions and obtain traffic information (If deviation greater than 10 NM),,>2 of 4 (listed only if above threshold),,"pilot survey (n=11, one operator)",,n/a (flight-crew or FOC procedure; outside JO 7110.65),obj_group-inferred-from-text
2.5#01,2.5,interaction,31,p.29,Table 2.5: Most Critical Interactions Under Nominal Conditions by Phase of Flight,nominal,Preflight,,,,1,,FD,,,,Request PDC via ACARS,,Request PDC via ACARS,,,>2.5 of 3 (listed only if above threshold),"pilot survey (n=11, one operator)",,,
2.5#02,2.5,interaction,31,p.29,Table 2.5: Most Critical Interactions Under Nominal Conditions by Phase of Flight,nominal,Taxi,,,,2,,FD,,ATC,,Advise ATC if either pilot is uncertain of airport orientation of location on runway,,Advise ATC if either pilot is uncertain of airport orientation of location on runway,,,>2.5 of 3 (listed only if above threshold),"pilot survey (n=11, one operator)",,n/a (flight-crew or FOC procedure; outside JO 7110.65),obj_group-inferred-from-text
2.5#03,2.5,interaction,31,p.29,Table 2.5: Most Critical Interactions Under Nominal Conditions by Phase of Flight,nominal,Taxi,,,,3,,FD,,ATC,,Obtain taxi clearance from ATC prior to taxiing onto a movement area,,Obtain taxi clearance from ATC prior to taxiing onto a movement area,,,>2.5 of 3 (listed only if above threshold),"pilot survey (n=11, one operator)",,n/a (flight-crew or FOC procedure; outside JO 7110.65),obj_group-inferred-from-text
2.5#04,2.5,interaction,31,p.29,Table 2.5: Most Critical Interactions Under Nominal Conditions by Phase of Flight,nominal,Taxi,,,,4,,FD,,ATC,,Acknowledge any hold short instructions to ATC,,Acknowledge any hold short instructions to ATC,,,>2.5 of 3 (listed only if above threshold),"pilot survey (n=11, one operator)",,n/a (flight-crew or FOC procedure; outside JO 7110.65),obj_group-inferred-from-text
2.5#05,2.5,interaction,31,p.29,Table 2.5: Most Critical Interactions Under Nominal Conditions by Phase of Flight,nominal,Taxi,,,,5,,FD,,ATC,,Contact ATC if holding in position for more than 90 seconds or upon seeing a potential conflict,,Contact ATC if holding in position for more than 90 seconds or upon seeing a potential conflict,,,>2.5 of 3 (listed only if above threshold),"pilot survey (n=11, one operator)",,n/a (flight-crew or FOC procedure; outside JO 7110.65),obj_group-inferred-from-text
2.5#06,2.5,interaction,31,p.29,Table 2.5: Most Critical Interactions Under Nominal Conditions by Phase of Flight,nominal,Taxi/takeoff,,,,6,,FD,,ATC,,Request ATC clearance prior to operating an aircraft on a runway or taxiway or taking off,,Request ATC clearance prior to operating an aircraft on a runway or taxiway or taking off,,,>2.5 of 3 (listed only if above threshold),"pilot survey (n=11, one operator)",,n/a (flight-crew or FOC procedure; outside JO 7110.65),obj_group-inferred-from-text
2.5#07,2.5,interaction,31,p.29,Table 2.5: Most Critical Interactions Under Nominal Conditions by Phase of Flight,nominal,Inflight,,,,7,,FD,,ATC,,Request clarification from ATC if uncertain of an ATC clearance,,Request clarification from ATC if uncertain of an ATC clearance,,,>2.5 of 3 (listed only if above threshold),"pilot survey (n=11, one operator)",,n/a (flight-crew or FOC procedure; outside JO 7110.65),obj_group-inferred-from-text
2.5#08,2.5,interaction,31,p.29,Table 2.5: Most Critical Interactions Under Nominal Conditions by Phase of Flight,nominal,Inflight,,,,8,,FD,,,,Make en route position reports for traffic control purpose at all compulsory points and at additional points as requested by FAA,,Make en route position reports for traffic control purpose at all compulsory points and at additional points as requested by FAA,,,>2.5 of 3 (listed only if above threshold),"pilot survey (n=11, one operator)",,,
2.5#09,2.5,interaction,31,p.29,Table 2.5: Most Critical Interactions Under Nominal Conditions by Phase of Flight,nominal,Inflight,,,,9,,FD,,ATC,,Advise ATC if unable to maintain visual separation,,Advise ATC if unable to maintain visual separation,,,>2.5 of 3 (listed only if above threshold),"pilot survey (n=11, one operator)",,n/a (flight-crew or FOC procedure; outside JO 7110.65),obj_group-inferred-from-text
2.5#10,2.5,interaction,31,p.29,Table 2.5: Most Critical Interactions Under Nominal Conditions by Phase of Flight,nominal,Inflight,,,,10,,FD,,,,"Confirm clearance paying attention those received in areas of high terrain, or include a change to heading, route/waypoints, altitude, or involve instructions for holding short of a runway",,"Confirm clearance paying attention those received in areas of high terrain, or include a change to heading, route/waypoints, altitude, or involve instructions for holding short of a runway",,,>2.5 of 3 (listed only if above threshold),"pilot survey (n=11, one operator)",,,
2.6#01,2.6,interaction,31,p.29,Table 2.6: Most Critical Interactions Under Off-Nominal Conditions by Phase of Flight,off-nominal,Taxi,,,,1,,FD,,ATC/FOC,,Contact dispatch,If discrepancy prior to takeoff,Contact dispatch (If discrepancy prior to takeoff),,,>2.5 of 3 (listed only if above threshold),"pilot survey (n=11, one operator)",,n/a (flight-crew or FOC procedure; outside JO 7110.65),obj_group-inferred-from-text
2.6#02,2.6,interaction,31,p.29,Table 2.6: Most Critical Interactions Under Off-Nominal Conditions by Phase of Flight,off-nominal,Inflight,,,,2,,FD,,ATC,,Obtain ATC clearance,If diverting,Obtain ATC clearance (If diverting),,,>2.5 of 3 (listed only if above threshold),"pilot survey (n=11, one operator)",,n/a (flight-crew or FOC procedure; outside JO 7110.65),obj_group-inferred-from-text
2.6#03,2.6,interaction,31,p.29,Table 2.6: Most Critical Interactions Under Off-Nominal Conditions by Phase of Flight,off-nominal,Inflight,,,,3,,FD,,,,Declare emergency fuel status,If emergency fuel advisory,Declare emergency fuel status (If emergency fuel advisory),,,>2.5 of 3 (listed only if above threshold),"pilot survey (n=11, one operator)",,,
2.6#04,2.6,interaction,31,p.29,Table 2.6: Most Critical Interactions Under Off-Nominal Conditions by Phase of Flight,off-nominal,Inflight,,,,4,,FD,,ATC/FOC,,Determine nearest suitable airport with dispatch,If emergency landing,Determine nearest suitable airport with dispatch (If emergency landing),,,>2.5 of 3 (listed only if above threshold),"pilot survey (n=11, one operator)",,n/a (flight-crew or FOC procedure; outside JO 7110.65),obj_group-inferred-from-text
2.6#05,2.6,interaction,31,p.29,Table 2.6: Most Critical Interactions Under Off-Nominal Conditions by Phase of Flight,off-nominal,Inflight,,,,5,,FD,,ATC/FOC,,Notify dispatch,If landing at unauthorized airport,Notify dispatch (If landing at unauthorized airport),,,>2.5 of 3 (listed only if above threshold),"pilot survey (n=11, one operator)",,n/a (flight-crew or FOC procedure; outside JO 7110.65),obj_group-inferred-from-text
2.6#06,2.6,interaction,31,p.29,Table 2.6: Most Critical Interactions Under Off-Nominal Conditions by Phase of Flight,off-nominal,Inflight,,,,6,,FD,,ATC/FOC,,Contact ATC and dispatch once aircraft is under control,If emergency,Contact ATC and dispatch once aircraft is under control (If emergency),,,>2.5 of 3 (listed only if above threshold),"pilot survey (n=11, one operator)",,n/a (flight-crew or FOC procedure; outside JO 7110.65),obj_group-inferred-from-text
2.6#07,2.6,interaction,31,p.29,Table 2.6: Most Critical Interactions Under Off-Nominal Conditions by Phase of Flight,off-nominal,Inflight,,,,7,,FD,,ATC,,Contact ATC as early as possible for deviations,If hazardous weather,Contact ATC as early as possible for deviations (If hazardous weather),,,>2.5 of 3 (listed only if above threshold),"pilot survey (n=11, one operator)",,n/a (flight-crew or FOC procedure; outside JO 7110.65),obj_group-inferred-from-text
,2.7,header,33,p.31,Table 2.7: Examples of ATC Interactions Under Nominal Conditions,nominal,,,,Interactions with Flightdeck,,,,,,,Interactions with Flightdeck,,,,,,,,,
,2.7,header,33,p.31,Table 2.7: Examples of ATC Interactions Under Nominal Conditions,nominal,,,,"Interactions with Flightdeck | By En Route, TRACON and Tower Controllers",,,,,,,"By En Route, TRACON and Tower Controllers",,,,,,,,,
2.7#01,2.7,interaction,33,p.31,Table 2.7: Examples of ATC Interactions Under Nominal Conditions,nominal,,,,"Interactions with Flightdeck | By En Route, TRACON and Tower Controllers",1,,ATC,"En Route, TRACON and Tower Controllers",FD,,Initial contact with pilots,,Initial contact with pilots,,,,,,2-1-15 (PDF p.46); 2-4-1 (PDF p.79),
2.7#02,2.7,interaction,33,p.31,Table 2.7: Examples of ATC Interactions Under Nominal Conditions,nominal,,,,"Interactions with Flightdeck | By En Route, TRACON and Tower Controllers",2,,ATC,"En Route, TRACON and Tower Controllers",FD,,Request pilots to contact other controller onto a new frequency,,Request pilots to contact other controller onto a new frequency,,,,,,2-1-15 (PDF p.46); 2-4-1 (PDF p.79),
2.7#03,2.7,interaction,33,p.31,Table 2.7: Examples of ATC Interactions Under Nominal Conditions,nominal,,,,"Interactions with Flightdeck | By En Route, TRACON and Tower Controllers",3,,ATC,"En Route, TRACON and Tower Controllers",FD,,Read back communication from pilots,,Read back communication from pilots,,,,,,2-4-3 (PDF p.79),
2.7#04,2.7,interaction,33,p.31,Table 2.7: Examples of ATC Interactions Under Nominal Conditions,nominal,,,,"Interactions with Flightdeck | By En Route, TRACON and Tower Controllers",4,,ATC,"En Route, TRACON and Tower Controllers",FD,,"Request pilots to report identification, position, altitude, or information",,"Request pilots to report identification, position, altitude, or information",,,,,,no rule matched,
2.7#05,2.7,interaction,33,p.31,Table 2.7: Examples of ATC Interactions Under Nominal Conditions,nominal,,,,"Interactions with Flightdeck | By En Route, TRACON and Tower Controllers",5,,ATC,"En Route, TRACON and Tower Controllers",FD,,Check with pilots if STAR or ATIS (if applicable) statuses are current,,Check with pilots if STAR or ATIS (if applicable) statuses are current,,,,,,2-9-2 (PDF p.111); 2-9-3 (PDF p.112),
2.7#06,2.7,interaction,33,p.31,Table 2.7: Examples of ATC Interactions Under Nominal Conditions,nominal,,,,"Interactions with Flightdeck | By En Route, TRACON and Tower Controllers",6,,ATC,"En Route, TRACON and Tower Controllers",FD,,Relay ATIS information to pilots,,Relay ATIS information to pilots,,,,,,2-9-2 (PDF p.111); 2-9-3 (PDF p.112),
2.7#07,2.7,interaction,33,p.31,Table 2.7: Examples of ATC Interactions Under Nominal Conditions,nominal,,,,"Interactions with Flightdeck | By En Route, TRACON and Tower Controllers",7,,ATC,"En Route, TRACON and Tower Controllers",FD,,Advise pilots to get new ATIS information,,Advise pilots to get new ATIS information,,,,,,2-9-2 (PDF p.111); 2-9-3 (PDF p.112),
2.7#08,2.7,interaction,33,p.31,Table 2.7: Examples of ATC Interactions Under Nominal Conditions,nominal,,,,"Interactions with Flightdeck | By En Route, TRACON and Tower Controllers",8,,ATC,"En Route, TRACON and Tower Controllers",FD,,Relay PIREPs to other pilots,,Relay PIREPs to other pilots,,,,,,2-6-2 (PDF p.99),
2.7#09,2.7,interaction,33,p.31,Table 2.7: Examples of ATC Interactions Under Nominal Conditions,nominal,,,,"Interactions with Flightdeck | By En Route, TRACON and Tower Controllers",9,,ATC,"En Route, TRACON and Tower Controllers",FD,,Inform pilots about adverse conditions,,Inform pilots about adverse conditions,,,,,,no rule matched,
2.7#10,2.7,interaction,33,p.31,Table 2.7: Examples of ATC Interactions Under Nominal Conditions,nominal,,,,"Interactions with Flightdeck | By En Route, TRACON and Tower Controllers",10,,ATC,"En Route, TRACON and Tower Controllers",FD,,Advise pilots for traffic,,Advise pilots for traffic,,,,,,no rule matched,
2.7#11,2.7,interaction,33,p.31,Table 2.7: Examples of ATC Interactions Under Nominal Conditions,nominal,,,,"Interactions with Flightdeck | By En Route, TRACON and Tower Controllers",11,,ATC,"En Route, TRACON and Tower Controllers",FD,,Receive traffic in sight advisories by pilots,,Receive traffic in sight advisories by pilots,,,,,,2-1-21 (PDF p.50),
2.7#12,2.7,interaction,33,p.31,Table 2.7: Examples of ATC Interactions Under Nominal Conditions,nominal,,,,"Interactions with Flightdeck | By En Route, TRACON and Tower Controllers",12,,ATC,"En Route, TRACON and Tower Controllers",FD,,Caution pilots for wake turbulence,,Caution pilots for wake turbulence,,,,,,2-1-20 (PDF p.49),
2.7#13,2.7,interaction,33,p.31,Table 2.7: Examples of ATC Interactions Under Nominal Conditions,nominal,,,,"Interactions with Flightdeck | By En Route, TRACON and Tower Controllers",13,,ATC,"En Route, TRACON and Tower Controllers",FD,,Control flight data accuracy with pilots,,Control flight data accuracy with pilots,,,,,,2-2-2 (PDF p.57),
,2.7,header,33,p.31,Table 2.7: Examples of ATC Interactions Under Nominal Conditions,nominal,,,,Interactions with Flightdeck | By En Route and TRACON Controllers,,,,,,,By En Route and TRACON Controllers,,,,,,,,,
2.7#14,2.7,interaction,33,p.31,Table 2.7: Examples of ATC Interactions Under Nominal Conditions,nominal,,,,Interactions with Flightdeck | By En Route and TRACON Controllers,14,,ATC,En Route and TRACON Controllers,FD,,"Receive pilots’ intentions (altitude, heading, speed, route, deviation, destination, approach, runway)",,"Receive pilots’ intentions (altitude, heading, speed, route, deviation, destination, approach, runway)",,,,,,no rule matched,
2.7#15,2.7,interaction,33,p.31,Table 2.7: Examples of ATC Interactions Under Nominal Conditions,nominal,,,,Interactions with Flightdeck | By En Route and TRACON Controllers,15,,ATC,En Route and TRACON Controllers,FD,,"Receive pilots’ report of change of altitude, heading, or passing location",,"Receive pilots’ report of change of altitude, heading, or passing location",,,,,,no rule matched,
2.7#16,2.7,interaction,33,p.31,Table 2.7: Examples of ATC Interactions Under Nominal Conditions,nominal,,,,Interactions with Flightdeck | By En Route and TRACON Controllers,16,,ATC,En Route and TRACON Controllers,FD,,"Provide control instructions and clearances to pilots regarding their heading, altitude, speed, fix point, via radio (as filed, to allow a shortcut or to delay (vectoring, sequencing)",,"Provide control instructions and clearances to pilots regarding their heading, altitude, speed, fix point, via radio (as filed, to allow a shortcut or to delay (vectoring, sequencing)",,,,,,no rule matched,
2.7#17,2.7,interaction,33,p.31,Table 2.7: Examples of ATC Interactions Under Nominal Conditions,nominal,,,,Interactions with Flightdeck | By En Route and TRACON Controllers,17,,ATC,En Route and TRACON Controllers,FD,,"Clear pilots for change of altitude, heading, speed, approach.",,"Clear pilots for change of altitude, heading, speed, approach.",,,,,,4-8-1 (PDF p.265),
2.7#18,2.7,interaction,33,p.31,Table 2.7: Examples of ATC Interactions Under Nominal Conditions,nominal,,,,Interactions with Flightdeck | By En Route and TRACON Controllers,18,,ATC,En Route and TRACON Controllers,FD,,Communicate altimeter at or under 17’000ft to pilots,,Communicate altimeter at or under 17’000ft to pilots,,,,,,2-7-1 (PDF p.107),
2.7#19,2.7,interaction,33,p.31,Table 2.7: Examples of ATC Interactions Under Nominal Conditions,nominal,,,,Interactions with Flightdeck | By En Route and TRACON Controllers,19,,ATC,En Route and TRACON Controllers,FD,,Clear pilots for a different approach than filled or advised (e.g. visual instead of ILS),,Clear pilots for a different approach than filled or advised (e.g. visual instead of ILS),,,,,,4-8-1 (PDF p.265),
2.7#20,2.7,interaction,33,p.31,Table 2.7: Examples of ATC Interactions Under Nominal Conditions,nominal,,,,Interactions with Flightdeck | By En Route and TRACON Controllers,20,,ATC,En Route and TRACON Controllers,FD,,"Verify identity and altitude leaving and assigned + provide additional instructions to pilots, if needed.",,"Verify identity and altitude leaving and assigned + provide additional instructions to pilots, if needed.",,,,,,no rule matched,
,2.7,header,33,p.31,Table 2.7: Examples of ATC Interactions Under Nominal Conditions,nominal,,,,Interactions with Flightdeck | By Tower Controllers,,,,,,,By Tower Controllers,,,,,,,,,
2.7#21,2.7,interaction,33,p.31,Table 2.7: Examples of ATC Interactions Under Nominal Conditions,nominal,,,,Interactions with Flightdeck | By Tower Controllers,21,,ATC,Tower Controllers,FD,,"Receive pilots’ intentions (Pre-Departure, pushback, star engines, taxi, runway, de-icing, departure time, takeoff, gate)",,"Receive pilots’ intentions (Pre-Departure, pushback, star engines, taxi, runway, de-icing, departure time, takeoff, gate)",,,,,,3-7-2 (PDF p.152); 3-9-10 (PDF p.180); 3-9-4 (PDF p.166),
2.7#22,2.7,interaction,33,p.31,Table 2.7: Examples of ATC Interactions Under Nominal Conditions,nominal,,,,Interactions with Flightdeck | By Tower Controllers,22,,ATC,Tower Controllers,FD,,Receive pilots’ report of position,,Receive pilots’ report of position,,,,,,no rule matched,
2.7#23,2.7,interaction,33,p.31,Table 2.7: Examples of ATC Interactions Under Nominal Conditions,nominal,,,,Interactions with Flightdeck | By Tower Controllers,23,,ATC,Tower Controllers,FD,,"Receive a Pre-Departure Clearance (flight plan) request from pilots, digitally (ACARS) or by voice (radio)",,"Receive a Pre-Departure Clearance (flight plan) request from pilots, digitally (ACARS) or by voice (radio)",,,,,,4-3-2 (PDF p.223); 4-2-1 (PDF p.217),
2.7#24,2.7,interaction,33,p.31,Table 2.7: Examples of ATC Interactions Under Nominal Conditions,nominal,,,,Interactions with Flightdeck | By Tower Controllers,24,,ATC,Tower Controllers,FD,,"Amend Pre-Departure Clearance (flight plan), digitally (ACARS) or by voice (radio), (based on weather, traffic constraints)",,"Amend Pre-Departure Clearance (flight plan), digitally (ACARS) or by voice (radio), (based on weather, traffic constraints)",,,,,,4-3-2 (PDF p.223); 4-2-1 (PDF p.217); 4-2-5 (PDF p.218); 2-2-11 (PDF p.60),
2.7#25,2.7,interaction,33,p.31,Table 2.7: Examples of ATC Interactions Under Nominal Conditions,nominal,,,,Interactions with Flightdeck | By Tower Controllers,25,,ATC,Tower Controllers,FD,,Clear Pre-Departure Clearance (flight plan) to pilots,,Clear Pre-Departure Clearance (flight plan) to pilots,,,,,,4-3-2 (PDF p.223); 4-2-1 (PDF p.217),
2.7#26,2.7,interaction,33,p.31,Table 2.7: Examples of ATC Interactions Under Nominal Conditions,nominal,,,,Interactions with Flightdeck | By Tower Controllers,26,,ATC,Tower Controllers,FD,,Issue delay/flow restrictions to departing aircraft,,Issue delay/flow restrictions to departing aircraft,,,,,,11-1-1 (PDF p.539); 11-1-2 (PDF p.539); 11-1-3 (PDF p.540),
2.7#27,2.7,interaction,33,p.31,Table 2.7: Examples of ATC Interactions Under Nominal Conditions,nominal,,,,Interactions with Flightdeck | By Tower Controllers,27,,ATC,Tower Controllers,FD,,Coordinate delay/flow restrictions with departing aircraft,,Coordinate delay/flow restrictions with departing aircraft,,,,,,11-1-1 (PDF p.539); 11-1-2 (PDF p.539); 11-1-3 (PDF p.540),
2.7#28,2.7,interaction,33,p.31,Table 2.7: Examples of ATC Interactions Under Nominal Conditions,nominal,,,,Interactions with Flightdeck | By Tower Controllers,28,,ATC,Tower Controllers,FD,,"Clear pilots for pushback, taxi route, crossing taxiway and runway",,"Clear pilots for pushback, taxi route, crossing taxiway and runway",,,,,,3-7-2 (PDF p.152); 3-1-4 (PDF p.122),
2.7#29,2.7,interaction,33,p.31,Table 2.7: Examples of ATC Interactions Under Nominal Conditions,nominal,,,,Interactions with Flightdeck | By Tower Controllers,29,,ATC,Tower Controllers,FD,,"Clear pilots for takeoff, landing, exit point of runway",,"Clear pilots for takeoff, landing, exit point of runway",,,,,,3-9-10 (PDF p.180); 3-9-4 (PDF p.166); 3-10-5 (PDF p.193),
2.7#30,2.7,interaction,33,p.31,Table 2.7: Examples of ATC Interactions Under Nominal Conditions,nominal,,,,Interactions with Flightdeck | By Tower Controllers,30,,ATC,Tower Controllers,FD,,Abort takeoff,,Abort takeoff,,,,,,3-9-10 (PDF p.180); 3-9-4 (PDF p.166); 3-9-11 (PDF p.183),
2.7#31,2.7,interaction,33,p.31,Table 2.7: Examples of ATC Interactions Under Nominal Conditions,nominal,,,,Interactions with Flightdeck | By Tower Controllers,31,,ATC,Tower Controllers,FD,,"Issue a clearance limit to pilots (fix point, hold short point)",,"Issue a clearance limit to pilots (fix point, hold short point)",,,,,,3-7-2 (PDF p.152),
2.7#32,2.7,interaction,33,p.31,Table 2.7: Examples of ATC Interactions Under Nominal Conditions,nominal,,,,Interactions with Flightdeck | By Tower Controllers,32,,ATC,Tower Controllers,FD,,Coordinate pilots position and movements requests prior to departure,,Coordinate pilots position and movements requests prior to departure,,,,,,no rule matched,
2.7#33,2.7,interaction,33,p.31,Table 2.7: Examples of ATC Interactions Under Nominal Conditions,nominal,,,,Interactions with Flightdeck | By Tower Controllers,33,,ATC,Tower Controllers,FD,,Clear approach to runway to pilots,,Clear approach to runway to pilots,,,,,,4-8-1 (PDF p.265),
2.7#34,2.7,interaction,33,p.31,Table 2.7: Examples of ATC Interactions Under Nominal Conditions,nominal,,,,Interactions with Flightdeck | By Tower Controllers,34,,ATC,Tower Controllers,FD,,"Inform pilots of wind, runway condition, breaking actions",,"Inform pilots of wind, runway condition, breaking actions",,,,,,3-3-4 (PDF p.134); 3-3-5 (PDF p.135),
,2.7,header,33,p.31,Table 2.7: Examples of ATC Interactions Under Nominal Conditions,nominal,,,,Interactions with FOC (by any controller),,,,,,,Interactions with FOC (by any controller),,,,,,,,,
2.7#35,2.7,interaction,33,p.31,Table 2.7: Examples of ATC Interactions Under Nominal Conditions,nominal,,,,Interactions with FOC (by any controller),35,,ATC,,FOC,,Receive flight data in the system from dispatch,,Receive flight data in the system from dispatch,,,,,,2-2-2 (PDF p.57),
2.7#36,2.7,interaction,33,p.31,Table 2.7: Examples of ATC Interactions Under Nominal Conditions,nominal,,,,Interactions with FOC (by any controller),36,,ATC,,FOC,,Relay information between dispatch and pilots (when needed),,Relay information between dispatch and pilots (when needed),,,,,,no rule matched,
2.7#37,2.7,interaction,33,p.31,Table 2.7: Examples of ATC Interactions Under Nominal Conditions,nominal,,,,Interactions with FOC (by any controller),37,,ATC,,FOC,,"Coordinate customers questions (most often dispatch, about weather, runway or approach condition and configuration, restricted airspace)",,"Coordinate customers questions (most often dispatch, about weather, runway or approach condition and configuration, restricted airspace)",,,,,,no rule matched,
2.7#38,2.7,interaction,33,p.31,Table 2.7: Examples of ATC Interactions Under Nominal Conditions,nominal,,,,Interactions with FOC (by any controller),38,,ATC,,FOC,,Coordinate alternative flight destinations with dispatch (when needed),,Coordinate alternative flight destinations with dispatch (when needed),,,,,,no rule matched,
,2.8,header,34,p.32,Table 2.8: Examples of ATC Interactions Under Off-Nominal Conditions,off-nominal,,,,Holding by En Route Controllers,,,,,,,Holding by En Route Controllers,,,,,,,,,
2.8#01,2.8,interaction,34,p.32,Table 2.8: Examples of ATC Interactions Under Off-Nominal Conditions,off-nominal,,,,Holding by En Route Controllers,1,,ATC,,FD,,Warn pilots of holding instruction at least 5 minutes before reaching holding fix point,,Warn pilots of holding instruction at least 5 minutes before reaching holding fix point,,,,,,4-6-1 (PDF p.253); 4-6-4 (PDF p.255),obj_group-inferred-from-text
2.8#02,2.8,interaction,34,p.32,Table 2.8: Examples of ATC Interactions Under Off-Nominal Conditions,off-nominal,,,,Holding by En Route Controllers,2,,ATC,,FD,,Provide control instructions to pilots for holding procedures as published or else,,Provide control instructions to pilots for holding procedures as published or else,,,,,,4-6-1 (PDF p.253); 4-6-4 (PDF p.255),obj_group-inferred-from-text
2.8#03,2.8,interaction,34,p.32,Table 2.8: Examples of ATC Interactions Under Off-Nominal Conditions,off-nominal,,,,Holding by En Route Controllers,3,,ATC,,FD,,Clear pilots to go on holding or to continue as filed,,Clear pilots to go on holding or to continue as filed,,,,,,4-6-1 (PDF p.253); 4-6-4 (PDF p.255),obj_group-inferred-from-text
2.8#04,2.8,interaction,34,p.32,Table 2.8: Examples of ATC Interactions Under Off-Nominal Conditions,off-nominal,,,,Holding by En Route Controllers,4,,ATC,,FD,,"Coordinate with pilots for an alternative destination if minimum fuel, when holding",,"Coordinate with pilots for an alternative destination if minimum fuel, when holding",,,,,,4-6-1 (PDF p.253); 4-6-4 (PDF p.255); 2-1-8 (PDF p.42),obj_group-inferred-from-text
,2.8,header,34,p.32,Table 2.8: Examples of ATC Interactions Under Off-Nominal Conditions,off-nominal,,,,Missed approach by TRACON or Tower Controllers,,,,,,,Missed approach by TRACON or Tower Controllers,,,,,,,,,
2.8#05,2.8,interaction,34,p.32,Table 2.8: Examples of ATC Interactions Under Off-Nominal Conditions,off-nominal,,,,Missed approach by TRACON or Tower Controllers,5,,ATC,,FD,,Initiate go-around (missed approach) + plus give instruction for altitude and heading to pilots,,Initiate go-around (missed approach) + plus give instruction for altitude and heading to pilots,,,,,,4-8-9 (PDF p.274),obj_group-inferred-from-text
2.8#06,2.8,interaction,34,p.32,Table 2.8: Examples of ATC Interactions Under Off-Nominal Conditions,off-nominal,,,,Missed approach by TRACON or Tower Controllers,6,,ATC,,FD,,Relay control instructions from departure sector to pilots (missed approach),,Relay control instructions from departure sector to pilots (missed approach),,,,,,4-8-9 (PDF p.274),obj_group-inferred-from-text
,2.8,header,34,p.32,Table 2.8: Examples of ATC Interactions Under Off-Nominal Conditions,off-nominal,,,,"Emergency (medical or mechanical) by En Route, TRACON or Tower Controllers",,,,,,,"Emergency (medical or mechanical) by En Route, TRACON or Tower Controllers",,,,,,,,,
2.8#07,2.8,interaction,34,p.32,Table 2.8: Examples of ATC Interactions Under Off-Nominal Conditions,off-nominal,,,,"Emergency (medical or mechanical) by En Route, TRACON or Tower Controllers",7,,ATC,,FD,,Declare emergency to pilots,,Declare emergency to pilots,,,,,,10-1-1 (PDF p.511); 10-1-3 (PDF p.511); 10-1-5 (PDF p.512),obj_group-inferred-from-text
2.8#08,2.8,interaction,34,p.32,Table 2.8: Examples of ATC Interactions Under Off-Nominal Conditions,off-nominal,,,,"Emergency (medical or mechanical) by En Route, TRACON or Tower Controllers",8,,ATC,,FD,,Coordinate with pilots emergency declaration,,Coordinate with pilots emergency declaration,,,,,,10-1-1 (PDF p.511); 10-1-3 (PDF p.511); 10-1-5 (PDF p.512),obj_group-inferred-from-text
2.8#09,2.8,interaction,34,p.32,Table 2.8: Examples of ATC Interactions Under Off-Nominal Conditions,off-nominal,,,,"Emergency (medical or mechanical) by En Route, TRACON or Tower Controllers",9,,ATC,,FD,,"Request the pilots to state the number of souls on board, remaining fuel and cause of emergency",,"Request the pilots to state the number of souls on board, remaining fuel and cause of emergency",,,,,,10-1-1 (PDF p.511); 10-1-3 (PDF p.511); 10-1-5 (PDF p.512); 2-1-8 (PDF p.42),obj_group-inferred-from-text
2.8#10,2.8,interaction,34,p.32,Table 2.8: Examples of ATC Interactions Under Off-Nominal Conditions,off-nominal,,,,"Emergency (medical or mechanical) by En Route, TRACON or Tower Controllers",10,,ATC,,FD,,"Coordinate with pilots how ATC can help, during emergency",,"Coordinate with pilots how ATC can help, during emergency",,,,,,10-1-1 (PDF p.511); 10-1-3 (PDF p.511); 10-1-5 (PDF p.512),obj_group-inferred-from-text
2.8#11,2.8,interaction,34,p.32,Table 2.8: Examples of ATC Interactions Under Off-Nominal Conditions,off-nominal,,,,"Emergency (medical or mechanical) by En Route, TRACON or Tower Controllers",11,,ATC,,FOC,,Coordinate with dispatch in case of emergency,,Coordinate with dispatch in case of emergency,,,,,,10-1-1 (PDF p.511); 10-1-3 (PDF p.511); 10-1-5 (PDF p.512),obj_group-inferred-from-text
2.8#12,2.8,interaction,34,p.32,Table 2.8: Examples of ATC Interactions Under Off-Nominal Conditions,off-nominal,,,,"Emergency (medical or mechanical) by En Route, TRACON or Tower Controllers",12,,ATC,,FD,,Coordinate ATC help to pilots during emergency,,Coordinate ATC help to pilots during emergency,,,,,,10-1-1 (PDF p.511); 10-1-3 (PDF p.511); 10-1-5 (PDF p.512),obj_group-inferred-from-text
2.8#13,2.8,interaction,34,p.32,Table 2.8: Examples of ATC Interactions Under Off-Nominal Conditions,off-nominal,,,,"Emergency (medical or mechanical) by En Route, TRACON or Tower Controllers",13,,ATC,,FD,,"Inform pilots of off-nominal mechanical issues (gears problem, fire)",,"Inform pilots of off-nominal mechanical issues (gears problem, fire)",,,,,,10-1-1 (PDF p.511); 10-1-3 (PDF p.511); 10-1-5 (PDF p.512),obj_group-inferred-from-text
,2.9,header,37,p.35,Table 2.9: FOC Interactions Under Nominal Operations with Highest Ratings for Criticality,nominal,,,,Nominal Interactions with Flightdeck,,,FOC,,FD,,Nominal Interactions with Flightdeck,,,,,,,,,
2.9#01,2.9,interaction,37,p.35,Table 2.9: FOC Interactions Under Nominal Operations with Highest Ratings for Criticality,nominal,Taxi,,,Nominal Interactions with Flightdeck,1,,FOC,,FD,,To obtain departure clearance with applicable void time,,To obtain departure clearance with applicable void time,,Medium,High,"dispatcher survey (n=4, one domestic operator)",,,
2.9#02,2.9,interaction,37,p.35,Table 2.9: FOC Interactions Under Nominal Operations with Highest Ratings for Criticality,nominal,Preflight,,,Nominal Interactions with Flightdeck,2,,FOC,,FD,,When hold fuel is to be reduced or eliminated,,When hold fuel is to be reduced or eliminated,,Low-Med,High,"dispatcher survey (n=4, one domestic operator)",,,
2.9#03,2.9,interaction,37,p.35,Table 2.9: FOC Interactions Under Nominal Operations with Highest Ratings for Criticality,nominal,Preflight,,,Nominal Interactions with Flightdeck,3,,FOC,,FD,,When there are cold weather/icing conditions,,When there are cold weather/icing conditions,,Low-Med,High,"dispatcher survey (n=4, one domestic operator)",,,
2.9#04,2.9,interaction,37,p.35,Table 2.9: FOC Interactions Under Nominal Operations with Highest Ratings for Criticality,nominal,Inflight,,,Nominal Interactions with Flightdeck,4,,FOC,,FD,,When fuel consumption greater than planned,,When fuel consumption greater than planned,,Low-Med,High,"dispatcher survey (n=4, one domestic operator)",,,
2.9#05,2.9,interaction,37,p.35,Table 2.9: FOC Interactions Under Nominal Operations with Highest Ratings for Criticality,nominal,Inflight,,,Nominal Interactions with Flightdeck,5,,FOC,,FD,,When route changes significantly,,When route changes significantly,,Low-Med,High,"dispatcher survey (n=4, one domestic operator)",,,
2.9#06,2.9,interaction,37,p.35,Table 2.9: FOC Interactions Under Nominal Operations with Highest Ratings for Criticality,nominal,Inflight,,,Nominal Interactions with Flightdeck,6,,FOC,,FD,,When unplanned holding or delaying vectors,,When unplanned holding or delaying vectors,,Low-Med,High,"dispatcher survey (n=4, one domestic operator)",,,
2.9#07,2.9,interaction,37,p.35,Table 2.9: FOC Interactions Under Nominal Operations with Highest Ratings for Criticality,nominal,Preflight,,,Nominal Interactions with Flightdeck,7,,FOC,,FD,,When there are any changes to the release,,When there are any changes to the release,,Medium,Med-High,"dispatcher survey (n=4, one domestic operator)",,,
2.9#08,2.9,interaction,37,p.35,Table 2.9: FOC Interactions Under Nominal Operations with Highest Ratings for Criticality,nominal,Inflight,,,Nominal Interactions with Flightdeck,8,,FOC,,FD,,When flightdecks are given a clearance change (reclearance),,When flightdecks are given a clearance change (reclearance),,Medium,Med-High,"dispatcher survey (n=4, one domestic operator)",,,
2.9#09,2.9,interaction,37,p.35,Table 2.9: FOC Interactions Under Nominal Operations with Highest Ratings for Criticality,nominal,Preflight,,,Nominal Interactions with Flightdeck,9,,FOC,,FD,,When route clearance differs from flight release IFR routing,,When route clearance differs from flight release IFR routing,,Low-Med,Med-High,"dispatcher survey (n=4, one domestic operator)",,,
2.9#10,2.9,interaction,37,p.35,Table 2.9: FOC Interactions Under Nominal Operations with Highest Ratings for Criticality,nominal,Preflight,,,Nominal Interactions with Flightdeck,10,,FOC,,FD,,When a change in either route or altitude is desired,,When a change in either route or altitude is desired,,Low-Med,Med-High,"dispatcher survey (n=4, one domestic operator)",,,
2.9#11,2.9,interaction,37,p.35,Table 2.9: FOC Interactions Under Nominal Operations with Highest Ratings for Criticality,nominal,Preflight,,,Nominal Interactions with Flightdeck,11,,FOC,,FD,,To get preflight briefings,,To get preflight briefings,,Medium,,"dispatcher survey (n=4, one domestic operator)",,,crit-below-threshold-or-blank
2.9#12,2.9,interaction,37,p.35,Table 2.9: FOC Interactions Under Nominal Operations with Highest Ratings for Criticality,nominal,Taxi,,,Nominal Interactions with Flightdeck,12,,FOC,,FD,,When there are flight delays,,When there are flight delays,,Medium,,"dispatcher survey (n=4, one domestic operator)",,,crit-below-threshold-or-blank
2.9#13,2.9,interaction,37,p.35,Table 2.9: FOC Interactions Under Nominal Operations with Highest Ratings for Criticality,nominal,Inflight,,,Nominal Interactions with Flightdeck,13,,FOC,,FD,,When ground delay programs are implemented,,When ground delay programs are implemented,,Medium,,"dispatcher survey (n=4, one domestic operator)",,,crit-below-threshold-or-blank
2.9#14,2.9,interaction,37,p.35,Table 2.9: FOC Interactions Under Nominal Operations with Highest Ratings for Criticality,nominal,Inflight,,,Nominal Interactions with Flightdeck,14,,FOC,,FD,,To establish voice communication,,To establish voice communication,,Low-Med,,"dispatcher survey (n=4, one domestic operator)",,,crit-below-threshold-or-blank
,2.9,header,37,p.35,Table 2.9: FOC Interactions Under Nominal Operations with Highest Ratings for Criticality,nominal,,,,Nominal Interactions with ATC,,,FOC,,ATC,,Nominal Interactions with ATC,,,,,,,,,
2.9#15,2.9,interaction,37,p.35,Table 2.9: FOC Interactions Under Nominal Operations with Highest Ratings for Criticality,nominal,Preflight,,,Nominal Interactions with ATC,15,,FOC,,ATC,,"When flight data is not correct on flight plan, prior to the Flight release clearance",,"When flight data is not correct on flight plan, prior to the Flight release clearance",,,High,"dispatcher survey (n=4, one domestic operator)",,n/a (flight-crew or FOC procedure; outside JO 7110.65),freq-below-threshold-or-blank
2.9#16,2.9,interaction,37,p.35,Table 2.9: FOC Interactions Under Nominal Operations with Highest Ratings for Criticality,nominal,Inflight,,,Nominal Interactions with ATC,16,,FOC,,ATC,,To enquire about runway condition (braking actions) at airport of destination,,To enquire about runway condition (braking actions) at airport of destination,,,High,"dispatcher survey (n=4, one domestic operator)",,n/a (flight-crew or FOC procedure; outside JO 7110.65),freq-below-threshold-or-blank
2.9#17,2.9,interaction,37,p.35,Table 2.9: FOC Interactions Under Nominal Operations with Highest Ratings for Criticality,nominal,Inflight,,,Nominal Interactions with ATC,17,,FOC,,ATC,,When ground delay programs are being implemented,,When ground delay programs are being implemented,,Medium,Med-High,"dispatcher survey (n=4, one domestic operator)",,n/a (flight-crew or FOC procedure; outside JO 7110.65),
2.9#18,2.9,interaction,37,p.35,Table 2.9: FOC Interactions Under Nominal Operations with Highest Ratings for Criticality,nominal,Inflight,,,Nominal Interactions with ATC,18,,FOC,,ATC,,When ground stops are being implemented,,When ground stops are being implemented,,Medium,Med-High,"dispatcher survey (n=4, one domestic operator)",,n/a (flight-crew or FOC procedure; outside JO 7110.65),
2.9#19,2.9,interaction,37,p.35,Table 2.9: FOC Interactions Under Nominal Operations with Highest Ratings for Criticality,nominal,Preflight,,,Nominal Interactions with ATC,19,,FOC,,ATC,,To require changes on Flight plan prior to the Flight release clearance,,To require changes on Flight plan prior to the Flight release clearance,,Low-Med,Med-High,"dispatcher survey (n=4, one domestic operator)",,n/a (flight-crew or FOC procedure; outside JO 7110.65),
2.9#20,2.9,interaction,37,p.35,Table 2.9: FOC Interactions Under Nominal Operations with Highest Ratings for Criticality,nominal,Preflight,,,Nominal Interactions with ATC,20,,FOC,,ATC,,To enquire about runway condition,,To enquire about runway condition,,Low-Med,Med-High,"dispatcher survey (n=4, one domestic operator)",,n/a (flight-crew or FOC procedure; outside JO 7110.65),
2.9#21,2.9,interaction,37,p.35,Table 2.9: FOC Interactions Under Nominal Operations with Highest Ratings for Criticality,nominal,Inflight,,,Nominal Interactions with ATC,21,,FOC,,ATC,,To enquire about approach configuration at airport of destination,,To enquire about approach configuration at airport of destination,,Low-Med,Med-High,"dispatcher survey (n=4, one domestic operator)",,n/a (flight-crew or FOC procedure; outside JO 7110.65),
2.9#22,2.9,interaction,37,p.35,Table 2.9: FOC Interactions Under Nominal Operations with Highest Ratings for Criticality,nominal,Inflight,,,Nominal Interactions with ATC,22,,FOC,,ATC,,To enquire about weather impact,,To enquire about weather impact,,Low-Med,,"dispatcher survey (n=4, one domestic operator)",,n/a (flight-crew or FOC procedure; outside JO 7110.65),crit-below-threshold-or-blank
,2.10,header,38,p.36,Table 2.10: FOC Interactions Under Off-Nominal Operations with Highest Ratings for,off-nominal,,,,Off-Nominal Interactions with Flightdeck,,,FOC,,FD,,Off-Nominal Interactions with Flightdeck,,,,,,,,,
2.10#01,2.10,interaction,38,p.36,Table 2.10: FOC Interactions Under Off-Nominal Operations with Highest Ratings for,off-nominal,Preflight,,,Off-Nominal Interactions with Flightdeck,1,,FOC,,FD,,When performance adjustment need to be made by dispatchers,,When performance adjustment need to be made by dispatchers,,Low-Med,High,"dispatcher survey (n=4, one domestic operator)",,,
2.10#02,2.10,interaction,38,p.36,Table 2.10: FOC Interactions Under Off-Nominal Operations with Highest Ratings for,off-nominal,Inflight,,,Off-Nominal Interactions with Flightdeck,2,,FOC,,FD,,When unforecast or unreported weather conditions might affect operations,,When unforecast or unreported weather conditions might affect operations,,Low-Med,High,"dispatcher survey (n=4, one domestic operator)",,,
2.10#03,2.10,interaction,38,p.36,Table 2.10: FOC Interactions Under Off-Nominal Operations with Highest Ratings for,off-nominal,Inflight,,,Off-Nominal Interactions with Flightdeck,3,,FOC,,FD,,When flightdecks are diverting,,When flightdecks are diverting,,Low-Med,High,"dispatcher survey (n=4, one domestic operator)",,,
2.10#04,2.10,interaction,38,p.36,Table 2.10: FOC Interactions Under Off-Nominal Operations with Highest Ratings for,off-nominal,Preflight,,,Off-Nominal Interactions with Flightdeck,4,,FOC,,FD,,When aircrafts performance limitations or inflight restrictions preclude operations,,When aircrafts performance limitations or inflight restrictions preclude operations,,,High,"dispatcher survey (n=4, one domestic operator)",,,freq-below-threshold-or-blank
2.10#05,2.10,interaction,38,p.36,Table 2.10: FOC Interactions Under Off-Nominal Operations with Highest Ratings for,off-nominal,Preflight,,,Off-Nominal Interactions with Flightdeck,5,,FOC,,FD,,When FOB exceeds release fuel for weight restricted flight,,When FOB exceeds release fuel for weight restricted flight,,,High,"dispatcher survey (n=4, one domestic operator)",,,freq-below-threshold-or-blank
2.10#06,2.10,interaction,38,p.36,Table 2.10: FOC Interactions Under Off-Nominal Operations with Highest Ratings for,off-nominal,Preflight,,,Off-Nominal Interactions with Flightdeck,6,,FOC,,FD,,When Takeoff Performance System data are not correct,,When Takeoff Performance System data are not correct,,,High,"dispatcher survey (n=4, one domestic operator)",,,freq-below-threshold-or-blank
2.10#07,2.10,interaction,38,p.36,Table 2.10: FOC Interactions Under Off-Nominal Operations with Highest Ratings for,off-nominal,Preflight,,,Off-Nominal Interactions with Flightdeck,7,,FOC,,FD,,When any condition prohibits acceptance of PRM clearance If departing to airports where PRM operations are authorized,,When any condition prohibits acceptance of PRM clearance If departing to airports where PRM operations are authorized,,,High,"dispatcher survey (n=4, one domestic operator)",,,freq-below-threshold-or-blank
2.10#08,2.10,interaction,38,p.36,Table 2.10: FOC Interactions Under Off-Nominal Operations with Highest Ratings for,off-nominal,Preflight,,,Off-Nominal Interactions with Flightdeck,8,,FOC,,FD,,When actual fuel on board exceeds gate release fuel by any amount for weight restricted or capped flight,,When actual fuel on board exceeds gate release fuel by any amount for weight restricted or capped flight,,,High,"dispatcher survey (n=4, one domestic operator)",,,freq-below-threshold-or-blank
2.10#09,2.10,interaction,38,p.36,Table 2.10: FOC Interactions Under Off-Nominal Operations with Highest Ratings for,off-nominal,Preflight,,,Off-Nominal Interactions with Flightdeck,9,,FOC,,FD,,When NIL braking action are reported,,When NIL braking action are reported,,,High,"dispatcher survey (n=4, one domestic operator)",,,freq-below-threshold-or-blank
2.10#10,2.10,interaction,38,p.36,Table 2.10: FOC Interactions Under Off-Nominal Operations with Highest Ratings for,off-nominal,Inflight,,,Off-Nominal Interactions with Flightdeck,10,,FOC,,FD,,To determine nearest suitable airport if emergency landing,,To determine nearest suitable airport if emergency landing,,,High,"dispatcher survey (n=4, one domestic operator)",,,freq-below-threshold-or-blank
2.10#11,2.10,interaction,38,p.36,Table 2.10: FOC Interactions Under Off-Nominal Operations with Highest Ratings for,off-nominal,Inflight,,,Off-Nominal Interactions with Flightdeck,11,,FOC,,FD,,When flightdecks need to land at unauthorized airport,,When flightdecks need to land at unauthorized airport,,,High,"dispatcher survey (n=4, one domestic operator)",,,freq-below-threshold-or-blank
2.10#12,2.10,interaction,38,p.36,Table 2.10: FOC Interactions Under Off-Nominal Operations with Highest Ratings for,off-nominal,Inflight,,,Off-Nominal Interactions with Flightdeck,12,,FOC,,FD,,When there are emergencies,,When there are emergencies,,,High,"dispatcher survey (n=4, one domestic operator)",,,freq-below-threshold-or-blank
2.10#13,2.10,interaction,38,p.36,Table 2.10: FOC Interactions Under Off-Nominal Operations with Highest Ratings for,off-nominal,Preflight,,,Off-Nominal Interactions with Flightdeck,13,,FOC,,FD,,When fuel is greater or less than the Gate Release fuel,,When fuel is greater or less than the Gate Release fuel,,Low-Med,Med-High,"dispatcher survey (n=4, one domestic operator)",,,
2.10#14,2.10,interaction,38,p.36,Table 2.10: FOC Interactions Under Off-Nominal Operations with Highest Ratings for,off-nominal,Preflight,,,Off-Nominal Interactions with Flightdeck,14,,FOC,,FD,,"To concur with dispatch whether operations can continue, if precipitation accumulation on runway more than .5 inch",,"To concur with dispatch whether operations can continue, if precipitation accumulation on runway more than .5 inch",,,Med-High,"dispatcher survey (n=4, one domestic operator)",,,freq-below-threshold-or-blank
2.10#15,2.10,interaction,38,p.36,Table 2.10: FOC Interactions Under Off-Nominal Operations with Highest Ratings for,off-nominal,Preflight,,,Off-Nominal Interactions with Flightdeck,15,,FOC,,FD,,When aircrafts have mechanical delays,,When aircrafts have mechanical delays,,Medium,,"dispatcher survey (n=4, one domestic operator)",,,crit-below-threshold-or-blank
2.10#16,2.10,interaction,38,p.36,Table 2.10: FOC Interactions Under Off-Nominal Operations with Highest Ratings for,off-nominal,Preflight,,,Off-Nominal Interactions with Flightdeck,16,,FOC,,FD,,"To obtain amended release, if immediate maintenance action not required",,"To obtain amended release, if immediate maintenance action not required",,Medium,,"dispatcher survey (n=4, one domestic operator)",,,crit-below-threshold-or-blank
2.10#17,2.10,interaction,38,p.36,Table 2.10: FOC Interactions Under Off-Nominal Operations with Highest Ratings for,off-nominal,Preflight,,,Off-Nominal Interactions with Flightdeck,17,,FOC,,FD,,When flight clearance differs from the Flight Release routing taxi with flightdecks,,When flight clearance differs from the Flight Release routing taxi with flightdecks,,Low-Med,,"dispatcher survey (n=4, one domestic operator)",,,crit-below-threshold-or-blank
,2.10,header,38,p.36,Table 2.10: FOC Interactions Under Off-Nominal Operations with Highest Ratings for,off-nominal,,,,Off-Nominal Interactions with ATC,,,FOC,,ATC,,Off-Nominal Interactions with ATC,,,,,,,,,
2.10#18,2.10,interaction,38,p.36,Table 2.10: FOC Interactions Under Off-Nominal Operations with Highest Ratings for,off-nominal,Inflight,,,Off-Nominal Interactions with ATC,18,,FOC,,ATC,,When aircrafts are diverting,,When aircrafts are diverting,,,High,"dispatcher survey (n=4, one domestic operator)",,n/a (flight-crew or FOC procedure; outside JO 7110.65),freq-below-threshold-or-blank
2.10#19,2.10,interaction,38,p.36,Table 2.10: FOC Interactions Under Off-Nominal Operations with Highest Ratings for,off-nominal,Inflight,,,Off-Nominal Interactions with ATC,19,,FOC,,ATC,,When flightdecks missed an approach,,When flightdecks missed an approach,,,High,"dispatcher survey (n=4, one domestic operator)",,n/a (flight-crew or FOC procedure; outside JO 7110.65),freq-below-threshold-or-blank
2.10#20,2.10,interaction,38,p.36,Table 2.10: FOC Interactions Under Off-Nominal Operations with Highest Ratings for,off-nominal,Inflight,,,Off-Nominal Interactions with ATC,20,,FOC,,ATC,,"To transmit information to flightdecks, because direct communication is disabled",,"To transmit information to flightdecks, because direct communication is disabled",,,High,"dispatcher survey (n=4, one domestic operator)",,n/a (flight-crew or FOC procedure; outside JO 7110.65),freq-below-threshold-or-blank
2.10#21,2.10,interaction,38,p.36,Table 2.10: FOC Interactions Under Off-Nominal Operations with Highest Ratings for,off-nominal,Inflight,,,Off-Nominal Interactions with ATC,21,,FOC,,ATC,,"When landing aid components are inoperative (localizer, glideslope, VOR are unreliable)",,"When landing aid components are inoperative (localizer, glideslope, VOR are unreliable)",,,High,"dispatcher survey (n=4, one domestic operator)",,n/a (flight-crew or FOC procedure; outside JO 7110.65),freq-below-threshold-or-blank
2.10#22,2.10,interaction,38,p.36,Table 2.10: FOC Interactions Under Off-Nominal Operations with Highest Ratings for,off-nominal,Inflight,,,Off-Nominal Interactions with ATC,22,,FOC,,ATC,,To determine nearest suitable airport when there is an emergency landing,,To determine nearest suitable airport when there is an emergency landing,,,Med-High,"dispatcher survey (n=4, one domestic operator)",,n/a (flight-crew or FOC procedure; outside JO 7110.65),freq-below-threshold-or-blank
2.10#23,2.10,interaction,38,p.36,Table 2.10: FOC Interactions Under Off-Nominal Operations with Highest Ratings for,off-nominal,Inflight,,,Off-Nominal Interactions with ATC,23,,FOC,,ATC,,When aircrafts are holding,,When aircrafts are holding,,,Med-High,"dispatcher survey (n=4, one domestic operator)",,n/a (flight-crew or FOC procedure; outside JO 7110.65),freq-below-threshold-or-blank
2.10#24,2.10,interaction,38,p.36,Table 2.10: FOC Interactions Under Off-Nominal Operations with Highest Ratings for,off-nominal,Inflight,,,Off-Nominal Interactions with ATC,24,,FOC,,ATC,,To determine alternative airports when aircrafts are holding,,To determine alternative airports when aircrafts are holding,,,Med-High,"dispatcher survey (n=4, one domestic operator)",,n/a (flight-crew or FOC procedure; outside JO 7110.65),freq-below-threshold-or-blank
2.10#25,2.10,interaction,38,p.36,Table 2.10: FOC Interactions Under Off-Nominal Operations with Highest Ratings for,off-nominal,Inflight,,,Off-Nominal Interactions with ATC,25,,FOC,,ATC,,When aircrafts are landing at unauthorized airports,,When aircrafts are landing at unauthorized airports,,,Med-High,"dispatcher survey (n=4, one domestic operator)",,n/a (flight-crew or FOC procedure; outside JO 7110.65),freq-below-threshold-or-blank
2.10#26,2.10,interaction,38,p.36,Table 2.10: FOC Interactions Under Off-Nominal Operations with Highest Ratings for,off-nominal,Preflight,,,Off-Nominal Interactions with ATC,26,,FOC,,ATC,,When aircrafts have mechanical delays,,When aircrafts have mechanical delays,,Low-Med,,"dispatcher survey (n=4, one domestic operator)",,n/a (flight-crew or FOC procedure; outside JO 7110.65),crit-below-threshold-or-blank
2.10#27,2.10,interaction,38,p.36,Table 2.10: FOC Interactions Under Off-Nominal Operations with Highest Ratings for,off-nominal,Preflight,,,Off-Nominal Interactions with ATC,27,,FOC,,ATC,,When flights are cancelled,,When flights are cancelled,,Low-Med,,"dispatcher survey (n=4, one domestic operator)",,n/a (flight-crew or FOC procedure; outside JO 7110.65),crit-below-threshold-or-blank
2.10#28,2.10,interaction,38,p.36,Table 2.10: FOC Interactions Under Off-Nominal Operations with Highest Ratings for,off-nominal,Inflight,,,Off-Nominal Interactions with ATC,28,,FOC,,ATC,,"To coordinate reroute of flights, because of adverse conditions (weather)",,"To coordinate reroute of flights, because of adverse conditions (weather)",,Low-Med,,"dispatcher survey (n=4, one domestic operator)",,n/a (flight-crew or FOC procedure; outside JO 7110.65),crit-below-threshold-or-blank
3.1#01,3.1,interaction,49,p.47,Current Possible Collaborative Interactions,nominal,Flight Planning,,,FOC & ATC,1,Telcon,,,,,Traffic routes & delays,,Traffic routes & delays,,,,,,,hand-transcribed from PDF p.49 word positions; verify visually
3.1#02,3.1,interaction,49,p.47,Current Possible Collaborative Interactions,nominal,Flight Planning,,,Flightdeck & FOC,2,Telephone,,,,,Flight plan modifications,,Flight plan modifications,,,,,,,hand-transcribed from PDF p.49 word positions; verify visually
3.1#03,3.1,interaction,49,p.47,Current Possible Collaborative Interactions,nominal,Flight Planning,Pilots in the flightdeck,,Flightdeck & ATC,3,Radio,,,,,EDCT modification (when applicable),,EDCT modification (when applicable),,,,,,,hand-transcribed from PDF p.49 word positions; verify visually
3.1#04,3.1,interaction,49,p.47,Current Possible Collaborative Interactions,nominal,Taxi-out,,,Flightdeck & ATC,4,Radio,,,,,De-icing (off-nominal),,De-icing (off-nominal),,,,,,,hand-transcribed from PDF p.49 word positions; verify visually
3.1#05,3.1,interaction,49,p.47,Current Possible Collaborative Interactions,nominal,Taxi-out,,,GC & LC (ATC),5,Face-to-Face,,,,,Runway crossing,,Runway crossing,,,,,,,hand-transcribed from PDF p.49 word positions; verify visually
3.1#06,3.1,interaction,49,p.47,Current Possible Collaborative Interactions,nominal,Cruise,,,R/RA & R/RA (ATC),6,Telephone,,,,,Control instructions before flight enters in a new sector (when applicable),,Control instructions before flight enters in a new sector (when applicable),,,,,,,hand-transcribed from PDF p.49 word positions; verify visually
3.1#07,3.1,interaction,49,p.47,Current Possible Collaborative Interactions,nominal,Cruise,,,Flightdeck & ATC,7,Radio,,,,,Fly direct to fix point (when applicable),,Fly direct to fix point (when applicable),,,,,,,hand-transcribed from PDF p.49 word positions; verify visually
3.1#08,3.1,interaction,49,p.47,Current Possible Collaborative Interactions,nominal,Cruise,,,Flightdeck & ATC,8,Radio,,,,,Other deviations to Flight plans (when applicable),,Other deviations to Flight plans (when applicable),,,,,,,hand-transcribed from PDF p.49 word positions; verify visually
3.1#09,3.1,interaction,49,p.47,Current Possible Collaborative Interactions,nominal,Cruise,,,Flightdeck & FOC,9,Satcom / ACARS,,,,,Rerouting flight,,Rerouting flight,,,,,,,hand-transcribed from PDF p.49 word positions; verify visually
3.1#10,3.1,interaction,49,p.47,Current Possible Collaborative Interactions,off-nominal,Cruise,,Off-Nominal: CC decision to reroute traffic due to weather,TMU at CC & En route & APP & LC (ATC),10,Telephone,,,,,Diversion of traffic due to RWY closure,,Diversion of traffic due to RWY closure,,,,,,,hand-transcribed from PDF p.49 word positions; verify visually; source-typo: printed as 'Relephone'
3.1#11,3.1,interaction,49,p.47,Current Possible Collaborative Interactions,off-nominal,Cruise,,Off-Nominal: CC decision to reroute traffic due to weather,FOC & ATC,11,Telcon,,,,,Strategy for rerouting flights,,Strategy for rerouting flights,,,,,,,hand-transcribed from PDF p.49 word positions; verify visually
3.1#12,3.1,interaction,49,p.47,Current Possible Collaborative Interactions,off-nominal,Cruise,,Off-Nominal: CC decision to reroute traffic due to weather,Flightdeck & FOC,12,Satcom / ACARS,,,,,Rerouting flight,,Rerouting flight,,,,,,,hand-transcribed from PDF p.49 word positions; verify visually
3.1#13,3.1,interaction,49,p.47,Current Possible Collaborative Interactions,off-nominal,Cruise,,Off-Nominal: Holding,APP & En route (ATC),13,Telephone,,,,,Holding flights,,Holding flights,,,,,,,hand-transcribed from PDF p.49 word positions; verify visually
3.1#14,3.1,interaction,49,p.47,Current Possible Collaborative Interactions,off-nominal,Cruise,,Off-Nominal: Holding,FOC & Flightdeck,14,Satcom / ACARS,,,,,Minimum fuel and alternate destination (if applicable),,Minimum fuel and alternate destination (if applicable),,,,,,,hand-transcribed from PDF p.49 word positions; verify visually
3.1#15,3.1,interaction,49,p.47,Current Possible Collaborative Interactions,off-nominal,Cruise,,Off-Nominal: Holding,Flightdeck & ATC,15,Radio,,,,,Alternate destination,,Alternate destination,,,,,,,hand-transcribed from PDF p.49 word positions; verify visually
3.1#16,3.1,interaction,49,p.47,Current Possible Collaborative Interactions,off-nominal,Cruise,,Off-Nominal: Holding,FOC & ATC,16,Telephone,,,,,Alternate destination (optional),,Alternate destination (optional),,,,,,,hand-transcribed from PDF p.49 word positions; verify visually
3.1#17,3.1,interaction,49,p.47,Current Possible Collaborative Interactions,nominal,Descent,,,Flightdeck & ATC,17,Radio,,,,,Alternative approach (if applicable),,Alternative approach (if applicable),,,,,,,hand-transcribed from PDF p.49 word positions; verify visually
3.1#18,3.1,interaction,49,p.47,Current Possible Collaborative Interactions,off-nominal,Final Approach,,Off-Nominal: Missed approach,LC & DEP (ATC),18,Telephone,,,,,"Coordinate go around (altitude, heading, speed)",,"Coordinate go around (altitude, heading, speed)",,,,,,,hand-transcribed from PDF p.49 word positions; verify visually
3.1#19,3.1,interaction,49,p.47,Current Possible Collaborative Interactions,off-nominal,Final Approach,,Off-Nominal: Missed approach,DEP & APP (ATC),19,Telephone,,,,,Merging 'go-around' flight back into the approach flow,,Merging 'go-around' flight back into the approach flow,,,,,,,hand-transcribed from PDF p.49 word positions; verify visually
A.1#01,A.1,interaction,91,p.3,Table A.1. Nominal Operations Pilot Communication (Please Circle one for Frequency and One for,nominal,Preflight,,,,1,,FD,,ATC/FOC,,Call dispatch when at the gate to get preflight briefings,,Call dispatch when at the gate to get preflight briefings,,,,survey instrument item (rating cells blank),,n/a (flight-crew or FOC procedure; outside JO 7110.65),
A.1#02,A.1,interaction,91,p.3,Table A.1. Nominal Operations Pilot Communication (Please Circle one for Frequency and One for,nominal,Preflight,,,,2,,FD,,ATC,,Ask ATC for clarification if conflict exists when building a transition,,Ask ATC for clarification if conflict exists when building a transition,,,,survey instrument item (rating cells blank),,n/a (flight-crew or FOC procedure; outside JO 7110.65),
A.1#03,A.1,interaction,91,p.3,Table A.1. Nominal Operations Pilot Communication (Please Circle one for Frequency and One for,nominal,Preflight,,,,3,,FD,,,,Request PDC via ACARS,,Request PDC via ACARS,,,,survey instrument item (rating cells blank),,,
A.1#04,A.1,interaction,91,p.3,Table A.1. Nominal Operations Pilot Communication (Please Circle one for Frequency and One for,nominal,Preflight,,,,4,,FD,,ATC,,Inform controllers on initial contact of the ATIS identifier they have reviewed,,Inform controllers on initial contact of the ATIS identifier they have reviewed,,,,survey instrument item (rating cells blank),,n/a (flight-crew or FOC procedure; outside JO 7110.65),
A.1#05,A.1,interaction,91,p.3,Table A.1. Nominal Operations Pilot Communication (Please Circle one for Frequency and One for,nominal,Preflight,,,,5,,FD,,ATC/FOC,,Advise dispatch if route clearance differs from flight release IFR routing,,Advise dispatch if route clearance differs from flight release IFR routing,,,,survey instrument item (rating cells blank),,n/a (flight-crew or FOC procedure; outside JO 7110.65),
A.1#06,A.1,interaction,91,p.3,Table A.1. Nominal Operations Pilot Communication (Please Circle one for Frequency and One for,nominal,Preflight,,,,6,,FD,,ATC/FOC,,Notify the controlling dispatch when duty limitations necessitate departure time adjustment,,Notify the controlling dispatch when duty limitations necessitate departure time adjustment,,,,survey instrument item (rating cells blank),,n/a (flight-crew or FOC procedure; outside JO 7110.65),
A.1#07,A.1,interaction,91,p.3,Table A.1. Nominal Operations Pilot Communication (Please Circle one for Frequency and One for,nominal,Preflight,,,,7,,FD,,ATC/FOC,,Contact dispatch if a change in either route or altitude is desired,,Contact dispatch if a change in either route or altitude is desired,,,,survey instrument item (rating cells blank),,n/a (flight-crew or FOC procedure; outside JO 7110.65),
A.1#08,A.1,interaction,91,p.3,Table A.1. Nominal Operations Pilot Communication (Please Circle one for Frequency and One for,nominal,Preflight,,,,8,,FD,,ATC/FOC,,Contact dispatch if an alternate is not required for the destination,,Contact dispatch if an alternate is not required for the destination,,,,survey instrument item (rating cells blank),,n/a (flight-crew or FOC procedure; outside JO 7110.65),
A.1#09,A.1,interaction,91,p.3,Table A.1. Nominal Operations Pilot Communication (Please Circle one for Frequency and One for,nominal,Preflight,,,,9,,FD,,ATC/FOC,,Concur with dispatch if hold fuel is to be reduced or eliminated,,Concur with dispatch if hold fuel is to be reduced or eliminated,,,,survey instrument item (rating cells blank),,n/a (flight-crew or FOC procedure; outside JO 7110.65),
A.1#10,A.1,interaction,91,p.3,Table A.1. Nominal Operations Pilot Communication (Please Circle one for Frequency and One for,nominal,Preflight,,,,10,,FD,,ATC/FOC,,Coordinate with dispatch if there are any changes to the release,,Coordinate with dispatch if there are any changes to the release,,,,survey instrument item (rating cells blank),,n/a (flight-crew or FOC procedure; outside JO 7110.65),
A.1#11,A.1,interaction,91,p.3,Table A.1. Nominal Operations Pilot Communication (Please Circle one for Frequency and One for,nominal,Taxi,,,,11,,FD,,ATC,,Obtain taxi clearance from ATC prior to taxiing onto a movement area,,Obtain taxi clearance from ATC prior to taxiing onto a movement area,,,,survey instrument item (rating cells blank),,n/a (flight-crew or FOC procedure; outside JO 7110.65),
A.1#12,A.1,interaction,91,p.3,Table A.1. Nominal Operations Pilot Communication (Please Circle one for Frequency and One for,nominal,Taxi,,,,12,,FD,,ATC,,Acknowledge any hold short instructions to ATC,,Acknowledge any hold short instructions to ATC,,,,survey instrument item (rating cells blank),,n/a (flight-crew or FOC procedure; outside JO 7110.65),
A.1#13,A.1,interaction,91,p.3,Table A.1. Nominal Operations Pilot Communication (Please Circle one for Frequency and One for,nominal,Taxi,,,,13,,FD,,ATC,,Advise ATC if either pilot is uncertain of airport orientation of location on runway,,Advise ATC if either pilot is uncertain of airport orientation of location on runway,,,,survey instrument item (rating cells blank),,n/a (flight-crew or FOC procedure; outside JO 7110.65),
A.1#14,A.1,interaction,91,p.3,Table A.1. Nominal Operations Pilot Communication (Please Circle one for Frequency and One for,nominal,Taxi,,,,14,,FD,,ATC,,Contact ATC if holding in position for more than 90 seconds or upon seeing a potential conflict,,Contact ATC if holding in position for more than 90 seconds or upon seeing a potential conflict,,,,survey instrument item (rating cells blank),,n/a (flight-crew or FOC procedure; outside JO 7110.65),
A.1#15,A.1,interaction,91,p.3,Table A.1. Nominal Operations Pilot Communication (Please Circle one for Frequency and One for,nominal,Taxi,,,,15,,FD,,ATC/FOC,,Conference with dispatch if on aircraft flight delay,,Conference with dispatch if on aircraft flight delay,,,,survey instrument item (rating cells blank),,n/a (flight-crew or FOC procedure; outside JO 7110.65),
A.1#16,A.1,interaction,91,p.3,Table A.1. Nominal Operations Pilot Communication (Please Circle one for Frequency and One for,nominal,Taxi,,,,16,,FD,,ATC/FOC,,Advise ATC and dispatch of decision to return to gate,,Advise ATC and dispatch of decision to return to gate,,,,survey instrument item (rating cells blank),,n/a (flight-crew or FOC procedure; outside JO 7110.65),
A.1#17,A.1,interaction,91,p.3,Table A.1. Nominal Operations Pilot Communication (Please Circle one for Frequency and One for,nominal,Taxi/takeoff,,,,17,,FD,,ATC,,Request ATC clearance prior to operating an aircraft on a runway or taxiway or taking off,,Request ATC clearance prior to operating an aircraft on a runway or taxiway or taking off,,,,survey instrument item (rating cells blank),,n/a (flight-crew or FOC procedure; outside JO 7110.65),
A.1#18,A.1,interaction,91,p.3,Table A.1. Nominal Operations Pilot Communication (Please Circle one for Frequency and One for,nominal,Taxi/takeoff,,,,18,,FD,,,,Request a different runway other than the noise abatement runway in the interest of safety,,Request a different runway other than the noise abatement runway in the interest of safety,,,,survey instrument item (rating cells blank),,,
A.1#19,A.1,interaction,91,p.3,Table A.1. Nominal Operations Pilot Communication (Please Circle one for Frequency and One for,nominal,Taxi/takeoff,,,,19,,FD,,ATC/FOC,,Contact dispatch by VHF or phone to obtain departure clearance with applicable void time,,Contact dispatch by VHF or phone to obtain departure clearance with applicable void time,,,,survey instrument item (rating cells blank),,n/a (flight-crew or FOC procedure; outside JO 7110.65),
A.1#20,A.1,interaction,91,p.3,Table A.1. Nominal Operations Pilot Communication (Please Circle one for Frequency and One for,nominal,Taxi/takeoff,,,,20,,FD,,ATC,,Notify ATC of any delays upon reaching the end of the runway,,Notify ATC of any delays upon reaching the end of the runway,,,,survey instrument item (rating cells blank),,n/a (flight-crew or FOC procedure; outside JO 7110.65),
A.1#21,A.1,interaction,91,p.3,Table A.1. Nominal Operations Pilot Communication (Please Circle one for Frequency and One for,nominal,Taxi/takeoff,,,,21,,FD,,ATC,,Notify ATC if max thrust takeoff was not successful or not attempted,,Notify ATC if max thrust takeoff was not successful or not attempted,,,,survey instrument item (rating cells blank),,n/a (flight-crew or FOC procedure; outside JO 7110.65),
A.1#22,A.1,interaction,91,p.3,Table A.1. Nominal Operations Pilot Communication (Please Circle one for Frequency and One for,nominal,Inflight,,,,22,,FD,,,,"Confirm clearance paying attention those received in areas of high terrain, or include a change to heading, route/waypoints, altitude, or involve instructions for holding short of a runway",,"Confirm clearance paying attention those received in areas of high terrain, or include a change to heading, route/waypoints, altitude, or involve instructions for holding short of a runway",,,,survey instrument item (rating cells blank),,,
A.1#23,A.1,interaction,91,p.3,Table A.1. Nominal Operations Pilot Communication (Please Circle one for Frequency and One for,nominal,Inflight,,,,23,,FD,,ATC,,Advise ATC if cruising airspeed varies from that given in the Flight Release,,Advise ATC if cruising airspeed varies from that given in the Flight Release,,,,survey instrument item (rating cells blank),,n/a (flight-crew or FOC procedure; outside JO 7110.65),
A.1#24,A.1,interaction,91,p.3,Table A.1. Nominal Operations Pilot Communication (Please Circle one for Frequency and One for,nominal,Inflight,,,,24,,FD,,,,Acknowledge receipt of traffic advisories,,Acknowledge receipt of traffic advisories,,,,survey instrument item (rating cells blank),,,
A.1#25,A.1,interaction,91,p.3,Table A.1. Nominal Operations Pilot Communication (Please Circle one for Frequency and One for,nominal,Inflight,,,,25,,FD,,ATC,,Inform ATC if traffic in sight,,Inform ATC if traffic in sight,,,,survey instrument item (rating cells blank),,n/a (flight-crew or FOC procedure; outside JO 7110.65),
A.1#26,A.1,interaction,91,p.3,Table A.1. Nominal Operations Pilot Communication (Please Circle one for Frequency and One for,nominal,Inflight,,,,26,,FD,,ATC,,Advise ATC if a vector to avoid traffic is desired,,Advise ATC if a vector to avoid traffic is desired,,,,survey instrument item (rating cells blank),,n/a (flight-crew or FOC procedure; outside JO 7110.65),
A.1#27,A.1,interaction,91,p.3,Table A.1. Nominal Operations Pilot Communication (Please Circle one for Frequency and One for,nominal,Inflight,,,,27,,FD,,ATC,,Advise ATC if traffic advisory service is not desired,,Advise ATC if traffic advisory service is not desired,,,,survey instrument item (rating cells blank),,n/a (flight-crew or FOC procedure; outside JO 7110.65),
A.1#28,A.1,interaction,91,p.3,Table A.1. Nominal Operations Pilot Communication (Please Circle one for Frequency and One for,nominal,Inflight,,,,28,,FD,,ATC,,Advise ATC if unable to maintain visual separation,,Advise ATC if unable to maintain visual separation,,,,survey instrument item (rating cells blank),,n/a (flight-crew or FOC procedure; outside JO 7110.65),
A.1#29,A.1,interaction,91,p.3,Table A.1. Nominal Operations Pilot Communication (Please Circle one for Frequency and One for,nominal,Inflight,,,,29,,FD,,,,Request VFR-on-top,,Request VFR-on-top,,,,survey instrument item (rating cells blank),,,
A.1#30,A.1,interaction,91,p.3,Table A.1. Nominal Operations Pilot Communication (Please Circle one for Frequency and One for,nominal,Inflight,,,,30,,FD,,ATC,,Advise ATC prior to any altitude change to ensure the exchange of accurate traffic information,,Advise ATC prior to any altitude change to ensure the exchange of accurate traffic information,,,,survey instrument item (rating cells blank),,n/a (flight-crew or FOC procedure; outside JO 7110.65),
A.1#31,A.1,interaction,91,p.3,Table A.1. Nominal Operations Pilot Communication (Please Circle one for Frequency and One for,nominal,Inflight,,,,31,,FD,,ATC,,Request clarification from ATC if uncertain of an ATC clearance,,Request clarification from ATC if uncertain of an ATC clearance,,,,survey instrument item (rating cells blank),,n/a (flight-crew or FOC procedure; outside JO 7110.65),
A.1#32,A.1,interaction,91,p.3,Table A.1. Nominal Operations Pilot Communication (Please Circle one for Frequency and One for,nominal,Inflight,,,,32,,FD,,,,Report time and altitude of passing each designated reporting point,,Report time and altitude of passing each designated reporting point,,,,survey instrument item (rating cells blank),,,
A.1#33,A.1,interaction,91,p.3,Table A.1. Nominal Operations Pilot Communication (Please Circle one for Frequency and One for,nominal,Inflight,,,,33,,FD,,,,Report any information related to the safety of flight,,Report any information related to the safety of flight,,,,survey instrument item (rating cells blank),,,
A.1#34,A.1,interaction,91,p.3,Table A.1. Nominal Operations Pilot Communication (Please Circle one for Frequency and One for,nominal,Inflight,,,,34,,FD,,,,Make enroute position reports for traffic control purpose at all compulsory points and at additional points as requested by FAA,,Make enroute position reports for traffic control purpose at all compulsory points and at additional points as requested by FAA,,,,survey instrument item (rating cells blank),,,
A.1#35,A.1,interaction,91,p.3,Table A.1. Nominal Operations Pilot Communication (Please Circle one for Frequency and One for,nominal,Inflight,,,,35,,FD,,,,Report vacating any previously assigned altitude or flight level for a newly assigned level.,,Report vacating any previously assigned altitude or flight level for a newly assigned level.,,,,survey instrument item (rating cells blank),,,
A.1#36,A.1,interaction,91,p.3,Table A.1. Nominal Operations Pilot Communication (Please Circle one for Frequency and One for,nominal,Inflight,,,,36,,FD,,,,Report unable to climb/descend at a rate of at least 500 FPM.,,Report unable to climb/descend at a rate of at least 500 FPM.,,,,survey instrument item (rating cells blank),,,
A.1#37,A.1,interaction,91,p.3,Table A.1. Nominal Operations Pilot Communication (Please Circle one for Frequency and One for,nominal,Inflight,,,,37,,FD,,,,"Request clearance for specific action (i.e., to alternate airport, another approach, etc.)",,"Request clearance for specific action (i.e., to alternate airport, another approach, etc.)",,,,survey instrument item (rating cells blank),,,
A.1#38,A.1,interaction,91,p.3,Table A.1. Nominal Operations Pilot Communication (Please Circle one for Frequency and One for,nominal,Inflight,,,,38,,FD,,,,"Report time and altitude, or flight level, upon reaching a holding fix or point to which cleared",,"Report time and altitude, or flight level, upon reaching a holding fix or point to which cleared",,,,survey instrument item (rating cells blank),,,
A.1#39,A.1,interaction,91,p.3,Table A.1. Nominal Operations Pilot Communication (Please Circle one for Frequency and One for,nominal,Inflight,,,,39,,FD,,,,Report leaving any assigned holding fix or point,,Report leaving any assigned holding fix or point,,,,survey instrument item (rating cells blank),,,
A.1#40,A.1,interaction,91,p.3,Table A.1. Nominal Operations Pilot Communication (Please Circle one for Frequency and One for,nominal,Inflight,,,,40,,FD,,ATC,,Advise ATC if an airspeed greater than the maximum holding airspeed is necessary.,,Advise ATC if an airspeed greater than the maximum holding airspeed is necessary.,,,,survey instrument item (rating cells blank),,n/a (flight-crew or FOC procedure; outside JO 7110.65),
A.1#41,A.1,interaction,91,p.3,Table A.1. Nominal Operations Pilot Communication (Please Circle one for Frequency and One for,nominal,Inflight,,,,41,,FD,,ATC/FOC,,Notify dispatch of ETA changes greater than 5 minutes.,,Notify dispatch of ETA changes greater than 5 minutes.,,,,survey instrument item (rating cells blank),,n/a (flight-crew or FOC procedure; outside JO 7110.65),
A.1#42,A.1,interaction,91,p.3,Table A.1. Nominal Operations Pilot Communication (Please Circle one for Frequency and One for,nominal,Inflight,,,,42,,FD,,ATC,,Notify ATC if speed differs from flight plan by more than 5% or 10 knots,,Notify ATC if speed differs from flight plan by more than 5% or 10 knots,,,,survey instrument item (rating cells blank),,n/a (flight-crew or FOC procedure; outside JO 7110.65),
A.1#43,A.1,interaction,91,p.3,Table A.1. Nominal Operations Pilot Communication (Please Circle one for Frequency and One for,nominal,Inflight,,,,43,,FD,,ATC/FOC,,Coordinate with dispatch to determine best route/altitude if fuel consumption greater than planned,,Coordinate with dispatch to determine best route/altitude if fuel consumption greater than planned,,,,survey instrument item (rating cells blank),,n/a (flight-crew or FOC procedure; outside JO 7110.65),
A.1#44,A.1,interaction,91,p.3,Table A.1. Nominal Operations Pilot Communication (Please Circle one for Frequency and One for,nominal,Inflight,,,,44,,FD,,ATC/FOC,,Advise dispatch if given a clearance change (reclearance),,Advise dispatch if given a clearance change (reclearance),,,,survey instrument item (rating cells blank),,n/a (flight-crew or FOC procedure; outside JO 7110.65),
A.1#45,A.1,interaction,91,p.3,Table A.1. Nominal Operations Pilot Communication (Please Circle one for Frequency and One for,nominal,Inflight,,,,45,,FD,,ATC/FOC,,Notify dispatch if route changes significantly,,Notify dispatch if route changes significantly,,,,survey instrument item (rating cells blank),,n/a (flight-crew or FOC procedure; outside JO 7110.65),
A.1#46,A.1,interaction,91,p.3,Table A.1. Nominal Operations Pilot Communication (Please Circle one for Frequency and One for,nominal,Inflight,,,,46,,FD,,ATC/FOC,,Notify dispatch if unplanned holding or delaying vectors and/or reduced airspeed,,Notify dispatch if unplanned holding or delaying vectors and/or reduced airspeed,,,,survey instrument item (rating cells blank),,n/a (flight-crew or FOC procedure; outside JO 7110.65),
A.1#47,A.1,interaction,91,p.3,Table A.1. Nominal Operations Pilot Communication (Please Circle one for Frequency and One for,nominal,Approach,,,,47,,FD,,ATC,,Advise ATC If a visual approach is not desired,,Advise ATC If a visual approach is not desired,,,,survey instrument item (rating cells blank),,n/a (flight-crew or FOC procedure; outside JO 7110.65),
A.1#48,A.1,interaction,91,p.3,Table A.1. Nominal Operations Pilot Communication (Please Circle one for Frequency and One for,nominal,Approach,,,,48,,FD,,ATC,,"Advise ATC immediately if the pilot is unable to continue following the preceding aircraft, cannot remain clear of clouds, needs to climb, or loses sight of the airport.",,"Advise ATC immediately if the pilot is unable to continue following the preceding aircraft, cannot remain clear of clouds, needs to climb, or loses sight of the airport.",,,,survey instrument item (rating cells blank),,n/a (flight-crew or FOC procedure; outside JO 7110.65),
A.1#49,A.1,interaction,91,p.3,Table A.1. Nominal Operations Pilot Communication (Please Circle one for Frequency and One for,nominal,Approach,,,,49,,FD,,,,Report leaving final approach fix inbound on final approach WHEN NOT IN RADAR CONTACT,,Report leaving final approach fix inbound on final approach WHEN NOT IN RADAR CONTACT,,,,survey instrument item (rating cells blank),,,
A.1#50,A.1,interaction,91,p.3,Table A.1. Nominal Operations Pilot Communication (Please Circle one for Frequency and One for,nominal,Approach,,,,50,,FD,,,,"Report a corrected ETA anytime it becomes apparent an ETA, as previously submitted, is in error in excess of 3 minutes WHEN NOT IN RADAR CONTACT",,"Report a corrected ETA anytime it becomes apparent an ETA, as previously submitted, is in error in excess of 3 minutes WHEN NOT IN RADAR CONTACT",,,,survey instrument item (rating cells blank),,,
A.1#51,A.1,interaction,91,p.3,Table A.1. Nominal Operations Pilot Communication (Please Circle one for Frequency and One for,nominal,Approach,,,,51,,FD,,ATC,,Transmit “Traffic in sight” to ATC as soon as you are confident the traffic can remain in sight when flying LDA/PRM procedure after being notified there is traffic on the ILS,,Transmit “Traffic in sight” to ATC as soon as you are confident the traffic can remain in sight when flying LDA/PRM procedure after being notified there is traffic on the ILS,,,,survey instrument item (rating cells blank),,n/a (flight-crew or FOC procedure; outside JO 7110.65),
A.2#01,A.2,interaction,92,p.4,Table A.2. Off-Nominal Operations Pilot Communications (Note that Frequency is based on Off-,off-nominal,Preflight,,,,1,,FD,,ATC/FOC,,Contact dispatch,If performance limitations or inflight restrictions preclude operations,Contact dispatch (If performance limitations or inflight restrictions preclude operations),,,,survey instrument item (rating cells blank),,n/a (flight-crew or FOC procedure; outside JO 7110.65),
A.2#02,A.2,interaction,92,p.4,Table A.2. Off-Nominal Operations Pilot Communications (Note that Frequency is based on Off-,off-nominal,Preflight,,,,2,,FD,,ATC/FOC,,Communicate mechanical delays to dispatch,,Communicate mechanical delays to dispatch,,,,survey instrument item (rating cells blank),,n/a (flight-crew or FOC procedure; outside JO 7110.65),
A.2#03,A.2,interaction,92,p.4,Table A.2. Off-Nominal Operations Pilot Communications (Note that Frequency is based on Off-,off-nominal,Preflight,,,,3,,FD,,ATC/FOC,,Captain and dispatch will determine if pair is acceptable,If SPAR condition/procedure pair,Captain and dispatch will determine if pair is acceptable (If SPAR condition/procedure pair),,,,survey instrument item (rating cells blank),,n/a (flight-crew or FOC procedure; outside JO 7110.65),
A.2#04,A.2,interaction,92,p.4,Table A.2. Off-Nominal Operations Pilot Communications (Note that Frequency is based on Off-,off-nominal,Preflight,,,,4,,FD,,ATC/FOC,,Notify dispatch if FOB exceeds release fuel,If weight restricted flight,Notify dispatch if FOB exceeds release fuel (If weight restricted flight),,,,survey instrument item (rating cells blank),,n/a (flight-crew or FOC procedure; outside JO 7110.65),
A.2#05,A.2,interaction,92,p.4,Table A.2. Off-Nominal Operations Pilot Communications (Note that Frequency is based on Off-,off-nominal,Preflight,,,,5,,FD,,ATC/FOC,,Contact dispatch,If TPS but no performance adjustment entered,Contact dispatch (If TPS but no performance adjustment entered),,,,survey instrument item (rating cells blank),,n/a (flight-crew or FOC procedure; outside JO 7110.65),
A.2#06,A.2,interaction,92,p.4,Table A.2. Off-Nominal Operations Pilot Communications (Note that Frequency is based on Off-,off-nominal,Preflight,,,,6,,FD,,ATC/FOC,,Contact dispatch,If fuel is greater or less than the Gate Release fuel,Contact dispatch (If fuel is greater or less than the Gate Release fuel),,,,survey instrument item (rating cells blank),,n/a (flight-crew or FOC procedure; outside JO 7110.65),
A.2#07,A.2,interaction,92,p.4,Table A.2. Off-Nominal Operations Pilot Communications (Note that Frequency is based on Off-,off-nominal,Preflight,,,,7,,FD,,ATC/FOC,,Notify dispatch if TPS data are not correct,,Notify dispatch if TPS data are not correct,,,,survey instrument item (rating cells blank),,n/a (flight-crew or FOC procedure; outside JO 7110.65),
A.2#08,A.2,interaction,92,p.4,Table A.2. Off-Nominal Operations Pilot Communications (Note that Frequency is based on Off-,off-nominal,Preflight,,,,8,,FD,,ATC/FOC,,Notify dispatch if any condition prohibits acceptance of PRM clearance,If departing to airports where PRM operations are authorized,Notify dispatch if any condition prohibits acceptance of PRM clearance (If departing to airports where PRM operations are authorized),,,,survey instrument item (rating cells blank),,n/a (flight-crew or FOC procedure; outside JO 7110.65),
A.2#09,A.2,interaction,92,p.4,Table A.2. Off-Nominal Operations Pilot Communications (Note that Frequency is based on Off-,off-nominal,Preflight,,,,9,,FD,,ATC/FOC,,Performance adjustment made by dispatch,,Performance adjustment made by dispatch,,,,survey instrument item (rating cells blank),,n/a (flight-crew or FOC procedure; outside JO 7110.65),
A.2#10,A.2,interaction,92,p.4,Table A.2. Off-Nominal Operations Pilot Communications (Note that Frequency is based on Off-,off-nominal,Preflight,,,,10,,FD,,ATC/FOC,,Notify dispatch if actual fuel on board exceeds gate release fuel by any amount,If weight restricted or capped flight,Notify dispatch if actual fuel on board exceeds gate release fuel by any amount (If weight restricted or capped flight),,,,survey instrument item (rating cells blank),,n/a (flight-crew or FOC procedure; outside JO 7110.65),
A.2#11,A.2,interaction,92,p.4,Table A.2. Off-Nominal Operations Pilot Communications (Note that Frequency is based on Off-,off-nominal,Preflight,,,,11,,FD,,ATC/FOC,,Concur with dispatch whether operations can continue,If precipitation accumulation on runway more than .5 inch,Concur with dispatch whether operations can continue (If precipitation accumulation on runway more than .5 inch),,,,survey instrument item (rating cells blank),,n/a (flight-crew or FOC procedure; outside JO 7110.65),
A.2#12,A.2,interaction,92,p.4,Table A.2. Off-Nominal Operations Pilot Communications (Note that Frequency is based on Off-,off-nominal,Preflight,,,,12,,FD,,ATC/FOC,,Contact dispatch,If nil braking action report,Contact dispatch (If nil braking action report),,,,survey instrument item (rating cells blank),,n/a (flight-crew or FOC procedure; outside JO 7110.65),
A.2#13,A.2,interaction,92,p.4,Table A.2. Off-Nominal Operations Pilot Communications (Note that Frequency is based on Off-,off-nominal,Preflight,,,,13,,FD,,ATC,,Notify ATC of the discrepancy,If incorrect indication of icing restrictions,Notify ATC of the discrepancy (If incorrect indication of icing restrictions),,,,survey instrument item (rating cells blank),,n/a (flight-crew or FOC procedure; outside JO 7110.65),
A.2#14,A.2,interaction,92,p.4,Table A.2. Off-Nominal Operations Pilot Communications (Note that Frequency is based on Off-,off-nominal,Preflight,,,,14,,FD,,ATC,,Obtain clearance from ATC prior to starting engines and/ or taxiing out of any de/anti-icing area,,Obtain clearance from ATC prior to starting engines and/ or taxiing out of any de/anti-icing area,,,,survey instrument item (rating cells blank),,n/a (flight-crew or FOC procedure; outside JO 7110.65),
A.2#15,A.2,interaction,92,p.4,Table A.2. Off-Nominal Operations Pilot Communications (Note that Frequency is based on Off-,off-nominal,Preflight,,,,15,,FD,,ATC/FOC,,Obtain amended release from dispatch,If immediate maintenance action not required,Obtain amended release from dispatch (If immediate maintenance action not required),,,,survey instrument item (rating cells blank),,n/a (flight-crew or FOC procedure; outside JO 7110.65),
A.2#16,A.2,interaction,92,p.4,Table A.2. Off-Nominal Operations Pilot Communications (Note that Frequency is based on Off-,off-nominal,Preflight,,,,16,,FD,,ATC/FOC,,Confer with dispatch,If clearance differs from the Flight Release routing,Confer with dispatch (If clearance differs from the Flight Release routing),,,,survey instrument item (rating cells blank),,n/a (flight-crew or FOC procedure; outside JO 7110.65),
A.2#17,A.2,interaction,92,p.4,Table A.2. Off-Nominal Operations Pilot Communications (Note that Frequency is based on Off-,off-nominal,Taxi,,,,17,,FD,,ATC/FOC,,Contact dispatch,If discrepancy prior to takeoff,Contact dispatch (If discrepancy prior to takeoff),,,,survey instrument item (rating cells blank),,n/a (flight-crew or FOC procedure; outside JO 7110.65),
A.2#18,A.2,interaction,92,p.4,Table A.2. Off-Nominal Operations Pilot Communications (Note that Frequency is based on Off-,off-nominal,Inflight,,,,18,,FD,,ATC,,Obtain ATC clearance,If diverting,Obtain ATC clearance (If diverting),,,,survey instrument item (rating cells blank),,n/a (flight-crew or FOC procedure; outside JO 7110.65),
A.2#19,A.2,interaction,92,p.4,Table A.2. Off-Nominal Operations Pilot Communications (Note that Frequency is based on Off-,off-nominal,Inflight,,,,19,,FD,,ATC/FOC,,Determine nearest suitable airport with dispatch,If emergency landing,Determine nearest suitable airport with dispatch (If emergency landing),,,,survey instrument item (rating cells blank),,n/a (flight-crew or FOC procedure; outside JO 7110.65),
A.2#20,A.2,interaction,92,p.4,Table A.2. Off-Nominal Operations Pilot Communications (Note that Frequency is based on Off-,off-nominal,Inflight,,,,20,,FD,,ATC/FOC,,Notify dispatch,If landing at unauthorized airport,Notify dispatch (If landing at unauthorized airport),,,,survey instrument item (rating cells blank),,n/a (flight-crew or FOC procedure; outside JO 7110.65),
A.2#21,A.2,interaction,92,p.4,Table A.2. Off-Nominal Operations Pilot Communications (Note that Frequency is based on Off-,off-nominal,Inflight,,,,21,,FD,,ATC/FOC,,Contact ATC and dispatch once aircraft is under control,If emergency,Contact ATC and dispatch once aircraft is under control (If emergency),,,,survey instrument item (rating cells blank),,n/a (flight-crew or FOC procedure; outside JO 7110.65),
A.2#22,A.2,interaction,92,p.4,Table A.2. Off-Nominal Operations Pilot Communications (Note that Frequency is based on Off-,off-nominal,Inflight,,,,22,,FD,,,,Declare emergency fuel status,If emergency fuel advisory,Declare emergency fuel status (If emergency fuel advisory),,,,survey instrument item (rating cells blank),,,
A.2#23,A.2,interaction,92,p.4,Table A.2. Off-Nominal Operations Pilot Communications (Note that Frequency is based on Off-,off-nominal,Inflight,,,,23,,FD,,ATC,,Advise ATC if unable to comply with RNAV procedure,,Advise ATC if unable to comply with RNAV procedure,,,,survey instrument item (rating cells blank),,n/a (flight-crew or FOC procedure; outside JO 7110.65),
A.2#24,A.2,interaction,92,p.4,Table A.2. Off-Nominal Operations Pilot Communications (Note that Frequency is based on Off-,off-nominal,Inflight,,,,24,,FD,,ATC,,Advise ATC if unable to comply with RNP procedure,,Advise ATC if unable to comply with RNP procedure,,,,survey instrument item (rating cells blank),,n/a (flight-crew or FOC procedure; outside JO 7110.65),
A.2#25,A.2,interaction,92,p.4,Table A.2. Off-Nominal Operations Pilot Communications (Note that Frequency is based on Off-,off-nominal,Inflight,,,,25,,FD,,,,Report unable RNP-10,If less than dual FMS with at least dual INS or a single INS and GPS,Report unable RNP-10 (If less than dual FMS with at least dual INS or a single INS and GPS),,,,survey instrument item (rating cells blank),,,
A.2#26,A.2,interaction,92,p.4,Table A.2. Off-Nominal Operations Pilot Communications (Note that Frequency is based on Off-,off-nominal,Inflight,,,,26,,FD,,,,Contact OCC prior to requesting a routing that deviates from the filed NRP route,,Contact OCC prior to requesting a routing that deviates from the filed NRP route,,,,survey instrument item (rating cells blank),,,
A.2#27,A.2,interaction,92,p.4,Table A.2. Off-Nominal Operations Pilot Communications (Note that Frequency is based on Off-,off-nominal,Inflight,,,,27,,FD,,ATC,,Contact ATC,"If an FMC, FMGC, GPS/IRS fails inflight","Contact ATC (If an FMC, FMGC, GPS/IRS fails inflight)",,,,survey instrument item (rating cells blank),,n/a (flight-crew or FOC procedure; outside JO 7110.65),
A.2#28,A.2,interaction,92,p.4,Table A.2. Off-Nominal Operations Pilot Communications (Note that Frequency is based on Off-,off-nominal,Inflight,,,,28,,FD,,ATC,,Notify ATC,If loss of All GPS/IRS and FMC procedures,Notify ATC (If loss of All GPS/IRS and FMC procedures),,,,survey instrument item (rating cells blank),,n/a (flight-crew or FOC procedure; outside JO 7110.65),
A.2#29,A.2,interaction,92,p.4,Table A.2. Off-Nominal Operations Pilot Communications (Note that Frequency is based on Off-,off-nominal,Inflight,,,,29,,FD,,ATC,,Report to ATC a degrade in the aircraft’s navigational capability as soon as possible,,Report to ATC a degrade in the aircraft’s navigational capability as soon as possible,,,,survey instrument item (rating cells blank),,n/a (flight-crew or FOC procedure; outside JO 7110.65),
A.2#30,A.2,interaction,92,p.4,Table A.2. Off-Nominal Operations Pilot Communications (Note that Frequency is based on Off-,off-nominal,Inflight,,,,30,,FD,,ATC,,Report to ATC,"If loss of VOR, ADF, complete/partial loss of ILS receiver capability","Report to ATC (If loss of VOR, ADF, complete/partial loss of ILS receiver capability)",,,,survey instrument item (rating cells blank),,n/a (flight-crew or FOC procedure; outside JO 7110.65),
A.2#31,A.2,interaction,92,p.4,Table A.2. Off-Nominal Operations Pilot Communications (Note that Frequency is based on Off-,off-nominal,Inflight,,,,31,,FD,,,,Request new clearance,If any RVSM system fails,Request new clearance (If any RVSM system fails),,,,survey instrument item (rating cells blank),,,
A.2#32,A.2,interaction,92,p.4,Table A.2. Off-Nominal Operations Pilot Communications (Note that Frequency is based on Off-,off-nominal,Inflight,,,,32,,FD,,ATC,,Advise ATC,If anything affects the RVSM status or ability to maintain flight level within 150 feet,Advise ATC (If anything affects the RVSM status or ability to maintain flight level within 150 feet),,,,survey instrument item (rating cells blank),,n/a (flight-crew or FOC procedure; outside JO 7110.65),
A.2#33,A.2,interaction,92,p.4,Table A.2. Off-Nominal Operations Pilot Communications (Note that Frequency is based on Off-,off-nominal,Inflight,,,,33,,FD,,ATC,,Notify ATC,If RNP-10 minimum equipment is not available,Notify ATC (If RNP-10 minimum equipment is not available),,,,survey instrument item (rating cells blank),,n/a (flight-crew or FOC procedure; outside JO 7110.65),
A.2#34,A.2,interaction,92,p.4,Table A.2. Off-Nominal Operations Pilot Communications (Note that Frequency is based on Off-,off-nominal,Inflight,,,,34,,FD,,ATC,,Contact ATC & request authority to continue operating at cleared flight level,If transponder fails,Contact ATC & request authority to continue operating at cleared flight level (If transponder fails),,,,survey instrument item (rating cells blank),,n/a (flight-crew or FOC procedure; outside JO 7110.65),
A.2#35,A.2,interaction,92,p.4,Table A.2. Off-Nominal Operations Pilot Communications (Note that Frequency is based on Off-,off-nominal,Inflight,,,,35,,FD,,ATC,,Advise ATC and OCC of the failure,If radar failure,Advise ATC and OCC of the failure (If radar failure),,,,survey instrument item (rating cells blank),,n/a (flight-crew or FOC procedure; outside JO 7110.65),
A.2#36,A.2,interaction,92,p.4,Table A.2. Off-Nominal Operations Pilot Communications (Note that Frequency is based on Off-,off-nominal,Inflight,,,,36,,FD,,ATC,,Contact ATC or OCC for PIREPS and other information,If radar attenuation,Contact ATC or OCC for PIREPS and other information (If radar attenuation),,,,survey instrument item (rating cells blank),,n/a (flight-crew or FOC procedure; outside JO 7110.65),
A.2#37,A.2,interaction,92,p.4,Table A.2. Off-Nominal Operations Pilot Communications (Note that Frequency is based on Off-,off-nominal,Inflight,,,,37,,FD,,ATC,,Notify ATC via PIREP of any severe weather condition that might adversely affect safety of flight,,Notify ATC via PIREP of any severe weather condition that might adversely affect safety of flight,,,,survey instrument item (rating cells blank),,n/a (flight-crew or FOC procedure; outside JO 7110.65),
A.2#38,A.2,interaction,92,p.4,Table A.2. Off-Nominal Operations Pilot Communications (Note that Frequency is based on Off-,off-nominal,Inflight,,,,38,,FD,,ATC/FOC,,Advise dispatch,If unforecasted or unreported weather conditions that might affect operations,Advise dispatch (If unforecasted or unreported weather conditions that might affect operations),,,,survey instrument item (rating cells blank),,n/a (flight-crew or FOC procedure; outside JO 7110.65),
A.2#39,A.2,interaction,92,p.4,Table A.2. Off-Nominal Operations Pilot Communications (Note that Frequency is based on Off-,off-nominal,Inflight,,,,39,,FD,,ATC,,Notify ATC,If significant weather observations,Notify ATC (If significant weather observations),,,,survey instrument item (rating cells blank),,n/a (flight-crew or FOC procedure; outside JO 7110.65),
A.2#40,A.2,interaction,92,p.4,Table A.2. Off-Nominal Operations Pilot Communications (Note that Frequency is based on Off-,off-nominal,Inflight,,,,40,,FD,,ATC,,Contact ATC as early as possible for deviations,If hazardous weather,Contact ATC as early as possible for deviations (If hazardous weather),,,,survey instrument item (rating cells blank),,n/a (flight-crew or FOC procedure; outside JO 7110.65),
A.2#41,A.2,interaction,92,p.4,Table A.2. Off-Nominal Operations Pilot Communications (Note that Frequency is based on Off-,off-nominal,Inflight,,,,41,,FD,,ATC,,Keep ATC advised of intentions and obtain traffic information,If deviation greater than 10 NM,Keep ATC advised of intentions and obtain traffic information (If deviation greater than 10 NM),,,,survey instrument item (rating cells blank),,n/a (flight-crew or FOC procedure; outside JO 7110.65),
A.2#42,A.2,interaction,92,p.4,Table A.2. Off-Nominal Operations Pilot Communications (Note that Frequency is based on Off-,off-nominal,Inflight,,,,42,,FD,,ATC,,Coordinate with ATC and other aircraft,If wake turbulence is encountered or anticipated,Coordinate with ATC and other aircraft (If wake turbulence is encountered or anticipated),,,,survey instrument item (rating cells blank),,n/a (flight-crew or FOC procedure; outside JO 7110.65),
A.2#43,A.2,interaction,92,p.4,Table A.2. Off-Nominal Operations Pilot Communications (Note that Frequency is based on Off-,off-nominal,Inflight,,,,43,,FD,,ATC,,Notify ATC and request a revised clearance prior to deviating,If unable to maintain routing,Notify ATC and request a revised clearance prior to deviating (If unable to maintain routing),,,,survey instrument item (rating cells blank),,n/a (flight-crew or FOC procedure; outside JO 7110.65),
A.2#44,A.2,interaction,92,p.4,Table A.2. Off-Nominal Operations Pilot Communications (Note that Frequency is based on Off-,off-nominal,Inflight,,,,44,,FD,,ATC/FOC,,Contact dispatch,If diverting,Contact dispatch (If diverting),,,,survey instrument item (rating cells blank),,n/a (flight-crew or FOC procedure; outside JO 7110.65),
A.2#45,A.2,interaction,92,p.4,Table A.2. Off-Nominal Operations Pilot Communications (Note that Frequency is based on Off-,off-nominal,Inflight,,,,45,,FD,,,,Revert to voice procedures,If any question about clearance received via datalink,Revert to voice procedures (If any question about clearance received via datalink),,,,survey instrument item (rating cells blank),,,
A.2#46,A.2,interaction,92,p.4,Table A.2. Off-Nominal Operations Pilot Communications (Note that Frequency is based on Off-,off-nominal,Inflight,,,,46,,FD,,ATC,,Contact ATC by voice,If no reply within 15 minutes of datalink request for clearance,Contact ATC by voice (If no reply within 15 minutes of datalink request for clearance),,,,survey instrument item (rating cells blank),,n/a (flight-crew or FOC procedure; outside JO 7110.65),
A.2#47,A.2,interaction,92,p.4,Table A.2. Off-Nominal Operations Pilot Communications (Note that Frequency is based on Off-,off-nominal,Inflight,,,,47,,FD,,,,Acknowledge the clearance by datalink as soon as possible,If given a clearance via datalink,Acknowledge the clearance by datalink as soon as possible (If given a clearance via datalink),,,,survey instrument item (rating cells blank),,,
A.2#48,A.2,interaction,92,p.4,Table A.2. Off-Nominal Operations Pilot Communications (Note that Frequency is based on Off-,off-nominal,Approach,,,,48,,FD,,ATC,,Coordinate with ATC prior to applying any corrections,If Cold Temperature Approach Altitude Corrections,Coordinate with ATC prior to applying any corrections (If Cold Temperature Approach Altitude Corrections),,,,survey instrument item (rating cells blank),,n/a (flight-crew or FOC procedure; outside JO 7110.65),
A.2#49,A.2,interaction,92,p.4,Table A.2. Off-Nominal Operations Pilot Communications (Note that Frequency is based on Off-,off-nominal,Approach,,,,49,,FD,,ATC,,Notify ATC the flight will level off at the controlling minimum altitude,If the Cleared Altitude is Below the Applicable Minimum Altitude,Notify ATC the flight will level off at the controlling minimum altitude (If the Cleared Altitude is Below the Applicable Minimum Altitude),,,,survey instrument item (rating cells blank),,n/a (flight-crew or FOC procedure; outside JO 7110.65),
A.2#50,A.2,interaction,92,p.4,Table A.2. Off-Nominal Operations Pilot Communications (Note that Frequency is based on Off-,off-nominal,Approach,,,,50,,FD,,ATC,,Notify ATC within 100 miles of the airport,If ILS/PRM procedures are in effect and they cannot fly the approach,Notify ATC within 100 miles of the airport (If ILS/PRM procedures are in effect and they cannot fly the approach),,,,survey instrument item (rating cells blank),,n/a (flight-crew or FOC procedure; outside JO 7110.65),
,C-1,header,96,p.8,Table C-1. Interactions with flightdeck and FOC under Nominal conditions.,nominal,,,,With flightdeck,,,,,,,With flightdeck,,,,,,,,,
,C-1,header,96,p.8,Table C-1. Interactions with flightdeck and FOC under Nominal conditions.,nominal,,,,"With flightdeck | By En Route, TRACON and Tower Controllers",,,,,,,"By En Route, TRACON and Tower Controllers",,,,,,,,,
C-1#01,C-1,interaction,96,p.8,Table C-1. Interactions with flightdeck and FOC under Nominal conditions.,nominal,,,,"With flightdeck | By En Route, TRACON and Tower Controllers",1,,ATC,"En Route, TRACON and Tower Controllers",FD,,Initial contact with pilots,,Initial contact with pilots,"R, RA, LC, GC, CD/FD",,,,,2-1-15 (PDF p.46); 2-4-1 (PDF p.79),
C-1#02,C-1,interaction,96,p.8,Table C-1. Interactions with flightdeck and FOC under Nominal conditions.,nominal,,,,"With flightdeck | By En Route, TRACON and Tower Controllers",2,,ATC,"En Route, TRACON and Tower Controllers",FD,,Request pilots to contact other controller onto a new frequency,,Request pilots to contact other controller onto a new frequency,"R, RA, LC, GC, CD/FD",,,,,2-1-15 (PDF p.46); 2-4-1 (PDF p.79),
C-1#03,C-1,interaction,96,p.8,Table C-1. Interactions with flightdeck and FOC under Nominal conditions.,nominal,,,,"With flightdeck | By En Route, TRACON and Tower Controllers",3,,ATC,"En Route, TRACON and Tower Controllers",FD,,Read back communication from pilots,,Read back communication from pilots,"R, RA, LC, GC, CD/FD",,,,,2-4-3 (PDF p.79),
C-1#04,C-1,interaction,96,p.8,Table C-1. Interactions with flightdeck and FOC under Nominal conditions.,nominal,,,,"With flightdeck | By En Route, TRACON and Tower Controllers",4,,ATC,"En Route, TRACON and Tower Controllers",FD,,"Request pilots to report identification, position, altitude, or information",,"Request pilots to report identification, position, altitude, or information","R, LC, GC",,,,,no rule matched,
C-1#05,C-1,interaction,96,p.8,Table C-1. Interactions with flightdeck and FOC under Nominal conditions.,nominal,,,,"With flightdeck | By En Route, TRACON and Tower Controllers",5,,ATC,"En Route, TRACON and Tower Controllers",FD,,Check with pilots if STAR or ATIS (if applicable) statuses are current,,Check with pilots if STAR or ATIS (if applicable) statuses are current,"R, LC, GC, CD/FD",,,,,2-9-2 (PDF p.111); 2-9-3 (PDF p.112),
C-1#06,C-1,interaction,96,p.8,Table C-1. Interactions with flightdeck and FOC under Nominal conditions.,nominal,,,,"With flightdeck | By En Route, TRACON and Tower Controllers",6,,ATC,"En Route, TRACON and Tower Controllers",FD,,Relay ATIS information to pilots,,Relay ATIS information to pilots,"R, LC, GC, CD/FD",,,,,2-9-2 (PDF p.111); 2-9-3 (PDF p.112),
C-1#07,C-1,interaction,96,p.8,Table C-1. Interactions with flightdeck and FOC under Nominal conditions.,nominal,,,,"With flightdeck | By En Route, TRACON and Tower Controllers",7,,ATC,"En Route, TRACON and Tower Controllers",FD,,Advise pilots to get new ATIS information,,Advise pilots to get new ATIS information,"R, LC, GC, CD/FD",,,,,2-9-2 (PDF p.111); 2-9-3 (PDF p.112),
C-1#08,C-1,interaction,96,p.8,Table C-1. Interactions with flightdeck and FOC under Nominal conditions.,nominal,,,,"With flightdeck | By En Route, TRACON and Tower Controllers",8,,ATC,"En Route, TRACON and Tower Controllers",FD,,Relay PIREPs to other pilots,,Relay PIREPs to other pilots,"R, LC, GC",,,,,2-6-2 (PDF p.99),
C-1#09,C-1,interaction,96,p.8,Table C-1. Interactions with flightdeck and FOC under Nominal conditions.,nominal,,,,"With flightdeck | By En Route, TRACON and Tower Controllers",9,,ATC,"En Route, TRACON and Tower Controllers",FD,,Inform pilots about adverse conditions,,Inform pilots about adverse conditions,"R, LC, GC",,,,,no rule matched,
C-1#10,C-1,interaction,96,p.8,Table C-1. Interactions with flightdeck and FOC under Nominal conditions.,nominal,,,,"With flightdeck | By En Route, TRACON and Tower Controllers",10,,ATC,"En Route, TRACON and Tower Controllers",FD,,Advise pilots for traffic,,Advise pilots for traffic,"R, LC",,,,,no rule matched,
C-1#11,C-1,interaction,96,p.8,Table C-1. Interactions with flightdeck and FOC under Nominal conditions.,nominal,,,,"With flightdeck | By En Route, TRACON and Tower Controllers",11,,ATC,"En Route, TRACON and Tower Controllers",FD,,Receive traffic in sight advisories by pilots,,Receive traffic in sight advisories by pilots,"R, LC",,,,,2-1-21 (PDF p.50),
C-1#12,C-1,interaction,96,p.8,Table C-1. Interactions with flightdeck and FOC under Nominal conditions.,nominal,,,,"With flightdeck | By En Route, TRACON and Tower Controllers",12,,ATC,"En Route, TRACON and Tower Controllers",FD,,Caution pilots for wake turbulence,,Caution pilots for wake turbulence,"R, LC",,,,,2-1-20 (PDF p.49),
C-1#13,C-1,interaction,96,p.8,Table C-1. Interactions with flightdeck and FOC under Nominal conditions.,nominal,,,,"With flightdeck | By En Route, TRACON and Tower Controllers",13,,ATC,"En Route, TRACON and Tower Controllers",FD,,Control flight data accuracy with pilots,,Control flight data accuracy with pilots,"R, LC, GC",,,,,2-2-2 (PDF p.57),
,C-1,header,96,p.8,Table C-1. Interactions with flightdeck and FOC under Nominal conditions.,nominal,,,,With flightdeck | By En Route and TRACON Controllers,,,,,,,By En Route and TRACON Controllers,,,,,,,,,
C-1#14,C-1,interaction,96,p.8,Table C-1. Interactions with flightdeck and FOC under Nominal conditions.,nominal,,,,With flightdeck | By En Route and TRACON Controllers,14,,ATC,En Route and TRACON Controllers,FD,,"Receive pilots’ intentions (altitude, heading, speed, route, deviation, destination, approach, runway)",,"Receive pilots’ intentions (altitude, heading, speed, route, deviation, destination, approach, runway)",R,,,,,no rule matched,
C-1#15,C-1,interaction,96,p.8,Table C-1. Interactions with flightdeck and FOC under Nominal conditions.,nominal,,,,With flightdeck | By En Route and TRACON Controllers,15,,ATC,En Route and TRACON Controllers,FD,,"Receive pilots’ report of change of altitude, heading, or passing location",,"Receive pilots’ report of change of altitude, heading, or passing location",R,,,,,no rule matched,
C-1#16,C-1,interaction,96,p.8,Table C-1. Interactions with flightdeck and FOC under Nominal conditions.,nominal,,,,With flightdeck | By En Route and TRACON Controllers,16,,ATC,En Route and TRACON Controllers,FD,,"Provide control instructions and clearances to pilots regarding their heading, altitude, speed, fix point, via radio (as filed, to allow a shortcut or to delay (vectoring, sequencing)",,"Provide control instructions and clearances to pilots regarding their heading, altitude, speed, fix point, via radio (as filed, to allow a shortcut or to delay (vectoring, sequencing)",R,,,,,no rule matched,
C-1#17,C-1,interaction,96,p.8,Table C-1. Interactions with flightdeck and FOC under Nominal conditions.,nominal,,,,With flightdeck | By En Route and TRACON Controllers,17,,ATC,En Route and TRACON Controllers,FD,,"Clear pilots for change of altitude, heading, speed, approach.",,"Clear pilots for change of altitude, heading, speed, approach.",R,,,,,4-8-1 (PDF p.265),
C-1#18,C-1,interaction,96,p.8,Table C-1. Interactions with flightdeck and FOC under Nominal conditions.,nominal,,,,With flightdeck | By En Route and TRACON Controllers,18,,ATC,En Route and TRACON Controllers,FD,,Communicate altimeter at or under 17’000ft to pilots,,Communicate altimeter at or under 17’000ft to pilots,R,,,,,2-7-1 (PDF p.107),
C-1#19,C-1,interaction,96,p.8,Table C-1. Interactions with flightdeck and FOC under Nominal conditions.,nominal,,,,With flightdeck | By En Route and TRACON Controllers,19,,ATC,En Route and TRACON Controllers,FD,,Clear pilots for a different approach than filled or advised (e.g. visual instead of ILS),,Clear pilots for a different approach than filled or advised (e.g. visual instead of ILS),R,,,,,4-8-1 (PDF p.265),
C-1#20,C-1,interaction,96,p.8,Table C-1. Interactions with flightdeck and FOC under Nominal conditions.,nominal,,,,With flightdeck | By En Route and TRACON Controllers,20,,ATC,En Route and TRACON Controllers,FD,,"Verify identity and altitude leaving and assigned + provide additional instructions to pilots, if needed.",,"Verify identity and altitude leaving and assigned + provide additional instructions to pilots, if needed.",R,,,,,no rule matched,
,C-1,header,96,p.8,Table C-1. Interactions with flightdeck and FOC under Nominal conditions.,nominal,,,,With flightdeck | By Tower Controllers,,,,,,,By Tower Controllers,,,,,,,,,
C-1#21,C-1,interaction,96,p.8,Table C-1. Interactions with flightdeck and FOC under Nominal conditions.,nominal,,,,With flightdeck | By Tower Controllers,21,,ATC,Tower Controllers,FD,,"Receive pilots’ intentions (Pre-Departure, pushback, star engines, taxi, runway, de-icing, departure time, takeoff, gate)",,"Receive pilots’ intentions (Pre-Departure, pushback, star engines, taxi, runway, de-icing, departure time, takeoff, gate)","LC, GC, CD/FD",,,,,3-7-2 (PDF p.152); 3-9-10 (PDF p.180); 3-9-4 (PDF p.166),
C-1#22,C-1,interaction,96,p.8,Table C-1. Interactions with flightdeck and FOC under Nominal conditions.,nominal,,,,With flightdeck | By Tower Controllers,22,,ATC,Tower Controllers,FD,,Receive pilots’ report of position,,Receive pilots’ report of position,"LC, GC",,,,,no rule matched,
C-1#23,C-1,interaction,96,p.8,Table C-1. Interactions with flightdeck and FOC under Nominal conditions.,nominal,,,,With flightdeck | By Tower Controllers,23,,ATC,Tower Controllers,FD,,"Receive a Pre-Departure Clearance (flight plan) request from pilots, digitally (ACARS) or by voice (radio)",,"Receive a Pre-Departure Clearance (flight plan) request from pilots, digitally (ACARS) or by voice (radio)","CD/FD, GC, LC",,,,,4-3-2 (PDF p.223); 4-2-1 (PDF p.217),
C-1#24,C-1,interaction,96,p.8,Table C-1. Interactions with flightdeck and FOC under Nominal conditions.,nominal,,,,With flightdeck | By Tower Controllers,24,,ATC,Tower Controllers,FD,,"Amend Pre-Departure Clearance (flight plan), digitally (ACARS) or by voice (radio), (based on weather, traffic constraints)",,"Amend Pre-Departure Clearance (flight plan), digitally (ACARS) or by voice (radio), (based on weather, traffic constraints)","CD/FD, GC, LC",,,,,4-3-2 (PDF p.223); 4-2-1 (PDF p.217); 4-2-5 (PDF p.218); 2-2-11 (PDF p.60),
C-1#25,C-1,interaction,96,p.8,Table C-1. Interactions with flightdeck and FOC under Nominal conditions.,nominal,,,,With flightdeck | By Tower Controllers,25,,ATC,Tower Controllers,FD,,Clear Pre-Departure Clearance (flight plan) to pilots,,Clear Pre-Departure Clearance (flight plan) to pilots,"CD/FD, GC, LC",,,,,4-3-2 (PDF p.223); 4-2-1 (PDF p.217),
C-1#26,C-1,interaction,96,p.8,Table C-1. Interactions with flightdeck and FOC under Nominal conditions.,nominal,,,,With flightdeck | By Tower Controllers,26,,ATC,Tower Controllers,FD,,Issue delay/flow restrictions to departing aircraft,,Issue delay/flow restrictions to departing aircraft,"CD/FD, GC, LC",,,,,11-1-1 (PDF p.539); 11-1-2 (PDF p.539); 11-1-3 (PDF p.540),
C-1#27,C-1,interaction,96,p.8,Table C-1. Interactions with flightdeck and FOC under Nominal conditions.,nominal,,,,With flightdeck | By Tower Controllers,27,,ATC,Tower Controllers,FD,,Coordinate delay/flow restrictions with departing aircraft,,Coordinate delay/flow restrictions with departing aircraft,"CD/FD, GC, LC",,,,,11-1-1 (PDF p.539); 11-1-2 (PDF p.539); 11-1-3 (PDF p.540),
C-1#28,C-1,interaction,96,p.8,Table C-1. Interactions with flightdeck and FOC under Nominal conditions.,nominal,,,,With flightdeck | By Tower Controllers,28,,ATC,Tower Controllers,FD,,"Clear pilots for pushback, taxi route, crossing taxiway and runway",,"Clear pilots for pushback, taxi route, crossing taxiway and runway","GC, LC",,,,,3-7-2 (PDF p.152); 3-1-4 (PDF p.122),
C-1#29,C-1,interaction,96,p.8,Table C-1. Interactions with flightdeck and FOC under Nominal conditions.,nominal,,,,With flightdeck | By Tower Controllers,29,,ATC,Tower Controllers,FD,,"Clear pilots for takeoff, landing, exit point of runway",,"Clear pilots for takeoff, landing, exit point of runway",LC,,,,,3-9-10 (PDF p.180); 3-9-4 (PDF p.166); 3-10-5 (PDF p.193),
C-1#30,C-1,interaction,96,p.8,Table C-1. Interactions with flightdeck and FOC under Nominal conditions.,nominal,,,,With flightdeck | By Tower Controllers,30,,ATC,Tower Controllers,FD,,Abort takeoff,,Abort takeoff,LC,,,,,3-9-10 (PDF p.180); 3-9-4 (PDF p.166); 3-9-11 (PDF p.183),
C-1#31,C-1,interaction,96,p.8,Table C-1. Interactions with flightdeck and FOC under Nominal conditions.,nominal,,,,With flightdeck | By Tower Controllers,31,,ATC,Tower Controllers,FD,,Issue a clearance limit to pilots (hold short point),,Issue a clearance limit to pilots (hold short point),"LC, GC",,,,,3-7-2 (PDF p.152),
C-1#32,C-1,interaction,96,p.8,Table C-1. Interactions with flightdeck and FOC under Nominal conditions.,nominal,,,,With flightdeck | By Tower Controllers,32,,ATC,Tower Controllers,FD,,Coordinate pilots position and movements requests prior to departure,,Coordinate pilots position and movements requests prior to departure,"GC, LC",,,,,no rule matched,
C-1#33,C-1,interaction,96,p.8,Table C-1. Interactions with flightdeck and FOC under Nominal conditions.,nominal,,,,With flightdeck | By Tower Controllers,33,,ATC,Tower Controllers,FD,,Initiate rundown for departing flights with flightdecks,,Initiate rundown for departing flights with flightdecks,LC,,,,,no rule matched,
C-1#34,C-1,interaction,96,p.8,Table C-1. Interactions with flightdeck and FOC under Nominal conditions.,nominal,,,,With flightdeck | By Tower Controllers,34,,ATC,Tower Controllers,FD,,Clear approach to runway to pilots,,Clear approach to runway to pilots,LC,,,,,4-8-1 (PDF p.265),
C-1#35,C-1,interaction,96,p.8,Table C-1. Interactions with flightdeck and FOC under Nominal conditions.,nominal,,,,With flightdeck | By Tower Controllers,35,,ATC,Tower Controllers,FD,,"Inform pilots of wind, runway condition, breaking actions",,"Inform pilots of wind, runway condition, breaking actions",LC,,,,,3-3-4 (PDF p.134); 3-3-5 (PDF p.135),
,C-1,header,96,p.8,Table C-1. Interactions with flightdeck and FOC under Nominal conditions.,nominal,,,,With FOC By any facility,,,,,,,With FOC By any facility,,,,,,,,,
C-1#36,C-1,interaction,96,p.8,Table C-1. Interactions with flightdeck and FOC under Nominal conditions.,nominal,,,,With FOC By any facility,36,,ATC,,FOC,,Receive flight data in the system from dispatch,,Receive flight data in the system from dispatch,"CD/FD, RA, R",,,,,2-2-2 (PDF p.57),
C-1#37,C-1,interaction,96,p.8,Table C-1. Interactions with flightdeck and FOC under Nominal conditions.,nominal,,,,With FOC By any facility,37,,ATC,,FOC,,Relay information between dispatch and pilots (when needed),,Relay information between dispatch and pilots (when needed),Sup,,,,,no rule matched,
C-1#38,C-1,interaction,96,p.8,Table C-1. Interactions with flightdeck and FOC under Nominal conditions.,nominal,,,,With FOC By any facility,38,,ATC,,FOC,,"Coordinate customers questions (most often dispatch, about weather, runway or approach condition and configuration, restricted airspace)",,"Coordinate customers questions (most often dispatch, about weather, runway or approach condition and configuration, restricted airspace)",Sup,,,,,no rule matched,
C-1#39,C-1,interaction,96,p.8,Table C-1. Interactions with flightdeck and FOC under Nominal conditions.,nominal,,,,With FOC By any facility,39,,ATC,,FOC,,Coordinate alternative flight destinations with dispatch (when needed),,Coordinate alternative flight destinations with dispatch (when needed),Sup,,,,,no rule matched,
,C-2,header,97,p.9,Table C-2. Interactions within ATC under Nominal conditions.,nominal,,,,Within ATC,,,,,,,Within ATC,,,,,,,,,
,C-2,header,97,p.9,Table C-2. Interactions within ATC under Nominal conditions.,nominal,,,,"Within ATC | By En Route, TRACON and Tower Controllers",,,,,,,"By En Route, TRACON and Tower Controllers",,,,,,,,,
C-2#01,C-2,interaction,97,p.9,Table C-2. Interactions within ATC under Nominal conditions.,nominal,,,,"Within ATC | By En Route, TRACON and Tower Controllers",1,,ATC,"En Route, TRACON and Tower Controllers",ATC,,Receive flight strips (automatically printed 30 min before flight operation is expected at fix point or airport),,Receive flight strips (automatically printed 30 min before flight operation is expected at fix point or airport),CD/FD,,,,,2-3-1 (PDF p.63); 2-3-4 (PDF p.67),
C-2#02,C-2,interaction,97,p.9,Table C-2. Interactions within ATC under Nominal conditions.,nominal,,,,"Within ATC | By En Route, TRACON and Tower Controllers",2,,ATC,"En Route, TRACON and Tower Controllers",ATC,,Process and transfer paper flight strips to controller,,Process and transfer paper flight strips to controller,"CD/FD to GC/RA/R, GC to LC, RA to R",,,,,2-3-1 (PDF p.63); 2-3-4 (PDF p.67),
C-2#03,C-2,interaction,97,p.9,Table C-2. Interactions within ATC under Nominal conditions.,nominal,,,,"Within ATC | By En Route, TRACON and Tower Controllers",3,,ATC,"En Route, TRACON and Tower Controllers",ATC,,Receive flow control instructions from TMU,,Receive flow control instructions from TMU,"R, RA, LC, Sup",,,,,11-1-1 (PDF p.539); 11-1-2 (PDF p.539); 11-1-3 (PDF p.540),
C-2#04,C-2,interaction,97,p.9,Table C-2. Interactions within ATC under Nominal conditions.,nominal,,,,"Within ATC | By En Route, TRACON and Tower Controllers",4,,ATC,"En Route, TRACON and Tower Controllers",ATC,,"Coordinate with other sectors about aircraft separation, sequencing or delaying traffic, approach configuration, adverse conditions",,"Coordinate with other sectors about aircraft separation, sequencing or delaying traffic, approach configuration, adverse conditions","R, RA, LC, Sup",,,,,no rule matched,
C-2#05,C-2,interaction,97,p.9,Table C-2. Interactions within ATC under Nominal conditions.,nominal,,,,"Within ATC | By En Route, TRACON and Tower Controllers",5,,ATC,"En Route, TRACON and Tower Controllers",ATC,,"Relay information about adverse conditions to other sectors, facilities and flow control (e.g., PIREPs, RWY conditions, emergencies, equipment failure)",,"Relay information about adverse conditions to other sectors, facilities and flow control (e.g., PIREPs, RWY conditions, emergencies, equipment failure)",Sup,,,,,2-6-2 (PDF p.99); 11-1-1 (PDF p.539); 11-1-2 (PDF p.539); 11-1-3 (PDF p.540),
,C-2,header,97,p.9,Table C-2. Interactions within ATC under Nominal conditions.,nominal,,,,Within ATC | By En Route and TRACON Controllers,,,,,,,By En Route and TRACON Controllers,,,,,,,,,
C-2#06,C-2,interaction,97,p.9,Table C-2. Interactions within ATC under Nominal conditions.,nominal,,,,Within ATC | By En Route and TRACON Controllers,6,,ATC,En Route and TRACON Controllers,ATC,,Coordinate alternative flight destinations with FOC (when needed),,Coordinate alternative flight destinations with FOC (when needed),Sup,,,,,no rule matched,
C-2#07,C-2,interaction,97,p.9,Table C-2. Interactions within ATC under Nominal conditions.,nominal,,,,Within ATC | By En Route and TRACON Controllers,7,,ATC,En Route and TRACON Controllers,ATC,,"Accept handoff (datablock PVD) from radar controller of neighboring sector, electronically (keyboard)",,"Accept handoff (datablock PVD) from radar controller of neighboring sector, electronically (keyboard)","R, RA",,,,,5-4-5 (PDF p.303); 5-4-6 (PDF p.304); 2-1-15 (PDF p.46),
C-2#08,C-2,interaction,97,p.9,Table C-2. Interactions within ATC under Nominal conditions.,nominal,,,,Within ATC | By En Route and TRACON Controllers,8,,ATC,En Route and TRACON Controllers,ATC,,Request radar controller (R or RA) of neighboring sector to relay control instructions prior to entering into sector,,Request radar controller (R or RA) of neighboring sector to relay control instructions prior to entering into sector,"R, RA",,,,,no rule matched,
C-2#09,C-2,interaction,97,p.9,Table C-2. Interactions within ATC under Nominal conditions.,nominal,,,,Within ATC | By En Route and TRACON Controllers,9,,ATC,En Route and TRACON Controllers,ATC,,"Inform neighboring sector controller (R or RA) about restrictions (speed, altitude, heading)",,"Inform neighboring sector controller (R or RA) about restrictions (speed, altitude, heading)","R, RA",,,,,no rule matched,
C-2#10,C-2,interaction,97,p.9,Table C-2. Interactions within ATC under Nominal conditions.,nominal,,,,Within ATC | By En Route and TRACON Controllers,10,,ATC,En Route and TRACON Controllers,ATC,,"Forward datablock (PVD) to other related sectors (examples: From high altitude sector to a sequencing sector (En Route), From a feeder sector to a final approach sector (TRACON), From a departure sector to a feeder sector after a missed approach (TRACON)",,"Forward datablock (PVD) to other related sectors (examples: From high altitude sector to a sequencing sector (En Route), From a feeder sector to a final approach sector (TRACON), From a departure sector to a feeder sector after a missed approach (TRACON)","R, RA",,,,,5-4-5 (PDF p.303); 5-4-6 (PDF p.304); 2-1-15 (PDF p.46); 4-8-9 (PDF p.274); 2-2-2 (PDF p.57),
C-2#11,C-2,interaction,97,p.9,Table C-2. Interactions within ATC under Nominal conditions.,nominal,,,,Within ATC | By En Route and TRACON Controllers,11,,ATC,En Route and TRACON Controllers,ATC,,Coordinate a pointout with other sector (R or RA),,Coordinate a pointout with other sector (R or RA),R,,,,,5-4-7 (PDF p.305),
C-2#12,C-2,interaction,97,p.9,Table C-2. Interactions within ATC under Nominal conditions.,nominal,,,,Within ATC | By En Route and TRACON Controllers,12,,ATC,En Route and TRACON Controllers,ATC,,"If approach to non-equipped tower (class C to F), inform Tower controller of aircraft approach, time of arrival, call sign, type of aircraft, and direction if approach is visual, at least 10 min prior to landing.",,"If approach to non-equipped tower (class C to F), inform Tower controller of aircraft approach, time of arrival, call sign, type of aircraft, and direction if approach is visual, at least 10 min prior to landing.",R,,,,,3-10-5 (PDF p.193),
C-2#13,C-2,interaction,97,p.9,Table C-2. Interactions within ATC under Nominal conditions.,nominal,,,,Within ATC | By En Route and TRACON Controllers,13,,ATC,En Route and TRACON Controllers,ATC,,"Provide departure clearance + amendment for given flight to Local controller, over the phone",,"Provide departure clearance + amendment for given flight to Local controller, over the phone","R, RA",,,,,4-3-2 (PDF p.223); 4-2-1 (PDF p.217); 4-2-5 (PDF p.218); 2-2-11 (PDF p.60),
C-2#14,C-2,interaction,97,p.9,Table C-2. Interactions within ATC under Nominal conditions.,nominal,,,,Within ATC | By En Route and TRACON Controllers,14,,ATC,En Route and TRACON Controllers,ATC,,Accept/release departing flight digitally or by phone (with Local controller),,Accept/release departing flight digitally or by phone (with Local controller),"R, RA",,,,,no rule matched,
C-2#15,C-2,interaction,97,p.9,Table C-2. Interactions within ATC under Nominal conditions.,nominal,,,,Within ATC | By En Route and TRACON Controllers,15,,ATC,En Route and TRACON Controllers,ATC,,Amend flight plan for Local controller prior to departure,,Amend flight plan for Local controller prior to departure,"R, RA",,,,,4-2-5 (PDF p.218); 2-2-11 (PDF p.60),
,C-2,header,97,p.9,Table C-2. Interactions within ATC under Nominal conditions.,nominal,,,,Within ATC | By Tower Controllers,,,,,,,By Tower Controllers,,,,,,,,,
C-2#16,C-2,interaction,97,p.9,Table C-2. Interactions within ATC under Nominal conditions.,nominal,,,,Within ATC | By Tower Controllers,16,,ATC,Tower Controllers,ATC,,"Coordinate FP amendments with other sectors (TRACON, En Route)",,"Coordinate FP amendments with other sectors (TRACON, En Route)","CD/FD, GC, LC",,,,,4-2-5 (PDF p.218); 2-2-11 (PDF p.60),
C-2#17,C-2,interaction,97,p.9,Table C-2. Interactions within ATC under Nominal conditions.,nominal,,,,Within ATC | By Tower Controllers,17,,ATC,Tower Controllers,ATC,,Coordinate runway crossing,,Coordinate runway crossing,GC with LC,,,,,3-1-4 (PDF p.122); 3-7-2 (PDF p.152),
C-2#18,C-2,interaction,97,p.9,Table C-2. Interactions within ATC under Nominal conditions.,nominal,,,,Within ATC | By Tower Controllers,18,,ATC,Tower Controllers,ATC,,"Request departure release to departure sector, by phone",,"Request departure release to departure sector, by phone",LC,,,,,4-3-4 (PDF p.231),
C-2#19,C-2,interaction,97,p.9,Table C-2. Interactions within ATC under Nominal conditions.,nominal,,,,Within ATC | By Tower Controllers,19,,ATC,Tower Controllers,ATC,,Activate flight data of departing flights (input or scan flight information (squawk or SID codes)),,Activate flight data of departing flights (input or scan flight information (squawk or SID codes)),LC,,,,,2-2-2 (PDF p.57),
C-2#20,C-2,interaction,97,p.9,Table C-2. Interactions within ATC under Nominal conditions.,nominal,,,,Within ATC | By Tower Controllers,20,,ATC,Tower Controllers,ATC,,"Inform flightdecks of off-nominal mechanical issues (gears problem, fire)",,"Inform flightdecks of off-nominal mechanical issues (gears problem, fire)",LC,,,,,10-1-1 (PDF p.511); 10-1-3 (PDF p.511); 10-1-5 (PDF p.512),
C-2#21,C-2,interaction,97,p.9,Table C-2. Interactions within ATC under Nominal conditions.,nominal,,,,Within ATC | By Tower Controllers,21,,ATC,Tower Controllers,ATC,,"Request departure release for flight, via digitally (scan) or voice (phone)",,"Request departure release for flight, via digitally (scan) or voice (phone)",LC,,,,,4-3-4 (PDF p.231),
,C-3,header,98,p.10,"Table C-3. Table C-1. Interactions with flightdeck or FOC, and within ATC under Off--Nominal conditions.",off-nominal,,,,conditions. Interactions under Off-Nominal Conditions,,,,,,,conditions. Interactions under Off-Nominal Conditions,,,,,,,,,
,C-3,header,98,p.10,"Table C-3. Table C-1. Interactions with flightdeck or FOC, and within ATC under Off--Nominal conditions.",off-nominal,,,,Holding by En Route Controllers,,,,,,,Holding by En Route Controllers,,,,,,,,,
,C-3,header,98,p.10,"Table C-3. Table C-1. Interactions with flightdeck or FOC, and within ATC under Off--Nominal conditions.",off-nominal,,,,With Flightdeck or FOC,,,,,,,With Flightdeck or FOC,,,,,,,,,
C-3#01,C-3,interaction,98,p.10,"Table C-3. Table C-1. Interactions with flightdeck or FOC, and within ATC under Off--Nominal conditions.",off-nominal,,,,With Flightdeck or FOC,1,,ATC,,FD/FOC,,Warn pilots of holding instruction at least 5 minutes before reaching holding fix point,,Warn pilots of holding instruction at least 5 minutes before reaching holding fix point,R,,,,,4-6-1 (PDF p.253); 4-6-4 (PDF p.255),
C-3#02,C-3,interaction,98,p.10,"Table C-3. Table C-1. Interactions with flightdeck or FOC, and within ATC under Off--Nominal conditions.",off-nominal,,,,With Flightdeck or FOC,2,,ATC,,FD/FOC,,Provide control instructions to pilots for holding procedures as published or else,,Provide control instructions to pilots for holding procedures as published or else,R,,,,,4-6-1 (PDF p.253); 4-6-4 (PDF p.255),
C-3#03,C-3,interaction,98,p.10,"Table C-3. Table C-1. Interactions with flightdeck or FOC, and within ATC under Off--Nominal conditions.",off-nominal,,,,With Flightdeck or FOC,3,,ATC,,FD/FOC,,Clear pilots to go on holding or to continue as filed,,Clear pilots to go on holding or to continue as filed,R,,,,,4-6-1 (PDF p.253); 4-6-4 (PDF p.255),
C-3#04,C-3,interaction,98,p.10,"Table C-3. Table C-1. Interactions with flightdeck or FOC, and within ATC under Off--Nominal conditions.",off-nominal,,,,With Flightdeck or FOC,4,,ATC,,FD/FOC,,"Coordinate with pilots/FOC for an alternative destination if minimum fuel, when holding",,"Coordinate with pilots/FOC for an alternative destination if minimum fuel, when holding","R, Sup",,,,,4-6-1 (PDF p.253); 4-6-4 (PDF p.255); 2-1-8 (PDF p.42),
,C-3,header,98,p.10,"Table C-3. Table C-1. Interactions with flightdeck or FOC, and within ATC under Off--Nominal conditions.",off-nominal,,,,Within ATC,,,,,,,Within ATC,,,,,,,,,
C-3#05,C-3,interaction,98,p.10,"Table C-3. Table C-1. Interactions with flightdeck or FOC, and within ATC under Off--Nominal conditions.",off-nominal,,,,Within ATC,5,,ATC,,ATC,,"Advise other sectors, when aircraft goes on holding",,"Advise other sectors, when aircraft goes on holding","R, RA, Sup",,,,,4-6-1 (PDF p.253); 4-6-4 (PDF p.255),
C-3#06,C-3,interaction,98,p.10,"Table C-3. Table C-1. Interactions with flightdeck or FOC, and within ATC under Off--Nominal conditions.",off-nominal,,,,Within ATC,6,,ATC,,ATC,,"Coordinate with flow control, sup or TRACON sector for allowing aircraft to continue, when aircraft is on holding",,"Coordinate with flow control, sup or TRACON sector for allowing aircraft to continue, when aircraft is on holding",R,,,,,4-6-1 (PDF p.253); 4-6-4 (PDF p.255); 11-1-1 (PDF p.539); 11-1-2 (PDF p.539); 11-1-3 (PDF p.540),
,C-3,header,98,p.10,"Table C-3. Table C-1. Interactions with flightdeck or FOC, and within ATC under Off--Nominal conditions.",off-nominal,,,,Missed Approach by TRACON or Tower Controllers,,,,,,,Missed Approach by TRACON or Tower Controllers,,,,,,,,,
,C-3,header,98,p.10,"Table C-3. Table C-1. Interactions with flightdeck or FOC, and within ATC under Off--Nominal conditions.",off-nominal,,,,With Flightdeck or FOC,,,,,,,With Flightdeck or FOC,,,,,,,,,
C-3#07,C-3,interaction,98,p.10,"Table C-3. Table C-1. Interactions with flightdeck or FOC, and within ATC under Off--Nominal conditions.",off-nominal,,,,With Flightdeck or FOC,7,,ATC,,FD/FOC,,Initiate go-around (missed approach) + plus give instruction for altitude and heading to pilots,,Initiate go-around (missed approach) + plus give instruction for altitude and heading to pilots,"R, LC",,,,,4-8-9 (PDF p.274),
C-3#08,C-3,interaction,98,p.10,"Table C-3. Table C-1. Interactions with flightdeck or FOC, and within ATC under Off--Nominal conditions.",off-nominal,,,,With Flightdeck or FOC,8,,ATC,,FD/FOC,,Relay control instructions from departure sector to pilots (missed approach),,Relay control instructions from departure sector to pilots (missed approach),"R, LC",,,,,4-8-9 (PDF p.274),
,C-3,header,98,p.10,"Table C-3. Table C-1. Interactions with flightdeck or FOC, and within ATC under Off--Nominal conditions.",off-nominal,,,,Within ATC,,,,,,,Within ATC,,,,,,,,,
C-3#09,C-3,interaction,98,p.10,"Table C-3. Table C-1. Interactions with flightdeck or FOC, and within ATC under Off--Nominal conditions.",off-nominal,,,,Within ATC,9,,ATC,,ATC,,Coordinate aircraft missed approach with other sectors,,Coordinate aircraft missed approach with other sectors,"R, RA",,,,,4-8-9 (PDF p.274),
C-3#10,C-3,interaction,98,p.10,"Table C-3. Table C-1. Interactions with flightdeck or FOC, and within ATC under Off--Nominal conditions.",off-nominal,,,,Within ATC,10,,ATC,,ATC,,Coordinate missed approach with departure sector,,Coordinate missed approach with departure sector,"R, RA, LC",,,,,4-8-9 (PDF p.274),
,C-3,header,98,p.10,"Table C-3. Table C-1. Interactions with flightdeck or FOC, and within ATC under Off--Nominal conditions.",off-nominal,,,,"Emergency (medical or mechanical) by En Route, TRACON or Tower Controllers",,,,,,,"Emergency (medical or mechanical) by En Route, TRACON or Tower Controllers",,,,,,,,,
,C-3,header,98,p.10,"Table C-3. Table C-1. Interactions with flightdeck or FOC, and within ATC under Off--Nominal conditions.",off-nominal,,,,With Flightdeck or FOC,,,,,,,With Flightdeck or FOC,,,,,,,,,
C-3#11,C-3,interaction,98,p.10,"Table C-3. Table C-1. Interactions with flightdeck or FOC, and within ATC under Off--Nominal conditions.",off-nominal,,,,With Flightdeck or FOC,11,,ATC,,FD/FOC,,Declare emergency to pilots,,Declare emergency to pilots,"R, LC, GC",,,,,10-1-1 (PDF p.511); 10-1-3 (PDF p.511); 10-1-5 (PDF p.512),
C-3#12,C-3,interaction,98,p.10,"Table C-3. Table C-1. Interactions with flightdeck or FOC, and within ATC under Off--Nominal conditions.",off-nominal,,,,With Flightdeck or FOC,12,,ATC,,FD/FOC,,Coordinate with pilots emergency declaration,,Coordinate with pilots emergency declaration,"R, LC, GC",,,,,10-1-1 (PDF p.511); 10-1-3 (PDF p.511); 10-1-5 (PDF p.512),
C-3#13,C-3,interaction,98,p.10,"Table C-3. Table C-1. Interactions with flightdeck or FOC, and within ATC under Off--Nominal conditions.",off-nominal,,,,With Flightdeck or FOC,13,,ATC,,FD/FOC,,"Request the pilots to state the number of souls on board, remaining fuel and cause of emergency",,"Request the pilots to state the number of souls on board, remaining fuel and cause of emergency","R, LC, GC",,,,,10-1-1 (PDF p.511); 10-1-3 (PDF p.511); 10-1-5 (PDF p.512); 2-1-8 (PDF p.42),
C-3#14,C-3,interaction,98,p.10,"Table C-3. Table C-1. Interactions with flightdeck or FOC, and within ATC under Off--Nominal conditions.",off-nominal,,,,With Flightdeck or FOC,14,,ATC,,FD/FOC,,"Coordinate with pilots how ATC can help, during emergency",,"Coordinate with pilots how ATC can help, during emergency","R, RA, LC, GC",,,,,10-1-1 (PDF p.511); 10-1-3 (PDF p.511); 10-1-5 (PDF p.512),
C-3#15,C-3,interaction,98,p.10,"Table C-3. Table C-1. Interactions with flightdeck or FOC, and within ATC under Off--Nominal conditions.",off-nominal,,,,With Flightdeck or FOC,15,,ATC,,FD/FOC,,Coordinate with dispatch in case of emergency,,Coordinate with dispatch in case of emergency,Sup,,,,,10-1-1 (PDF p.511); 10-1-3 (PDF p.511); 10-1-5 (PDF p.512),
C-3#16,C-3,interaction,98,p.10,"Table C-3. Table C-1. Interactions with flightdeck or FOC, and within ATC under Off--Nominal conditions.",off-nominal,,,,With Flightdeck or FOC,16,,ATC,,FD/FOC,,Coordinate ATC help to pilots during emergency,,Coordinate ATC help to pilots during emergency,Sup,,,,,10-1-1 (PDF p.511); 10-1-3 (PDF p.511); 10-1-5 (PDF p.512),
C-3#17,C-3,interaction,98,p.10,"Table C-3. Table C-1. Interactions with flightdeck or FOC, and within ATC under Off--Nominal conditions.",off-nominal,,,,With Flightdeck or FOC,17,,ATC,,FD/FOC,,"Inform pilots of off-nominal mechanical issues (gears problem, fire)",,"Inform pilots of off-nominal mechanical issues (gears problem, fire)",LC,,,,,10-1-1 (PDF p.511); 10-1-3 (PDF p.511); 10-1-5 (PDF p.512),
,C-3,header,98,p.10,"Table C-3. Table C-1. Interactions with flightdeck or FOC, and within ATC under Off--Nominal conditions.",off-nominal,,,,Within ATC,,,,,,,Within ATC,,,,,,,,,
C-3#18,C-3,interaction,98,p.10,"Table C-3. Table C-1. Interactions with flightdeck or FOC, and within ATC under Off--Nominal conditions.",off-nominal,,,,Within ATC,18,,ATC,,ATC,,Alert supervisor and other sectors of aircraft in emergency,,Alert supervisor and other sectors of aircraft in emergency,"R, RA, LC, GC",,,,,10-1-1 (PDF p.511); 10-1-3 (PDF p.511); 10-1-5 (PDF p.512),
C-3#19,C-3,interaction,98,p.10,"Table C-3. Table C-1. Interactions with flightdeck or FOC, and within ATC under Off--Nominal conditions.",off-nominal,,,,Within ATC,19,,ATC,,ATC,,Coordinate change of runway configuration with other facilities,,Coordinate change of runway configuration with other facilities,"Sup, TMU",,,,,no rule matched,
D-1#01,D-1,interaction,100,p.12,Table D-1. Nominal Operation Communication or Interaction with Aircraft by Frequency and Criticality.,nominal,Preflight,,,,1,,FOC,,FD,,With aircraft/pilot to get preflight briefings,,With aircraft/pilot to get preflight briefings,,,,survey instrument item (rating cells blank),,,
D-1#02,D-1,interaction,100,p.12,Table D-1. Nominal Operation Communication or Interaction with Aircraft by Frequency and Criticality.,nominal,Preflight,,,,2,,FOC,,FD,,With aircraft/pilot requesting PDC via ACARS,,With aircraft/pilot requesting PDC via ACARS,,,,survey instrument item (rating cells blank),,,
D-1#03,D-1,interaction,100,p.12,Table D-1. Nominal Operation Communication or Interaction with Aircraft by Frequency and Criticality.,nominal,Preflight,,,,3,,FOC,,FD,,"With aircraft/pilot, if route clearance differs from flight release IFR routing",,"With aircraft/pilot, if route clearance differs from flight release IFR routing",,,,survey instrument item (rating cells blank),,,
D-1#04,D-1,interaction,100,p.12,Table D-1. Nominal Operation Communication or Interaction with Aircraft by Frequency and Criticality.,nominal,Preflight,,,,4,,FOC,,FD,,"With aircraft/pilot, when duty limitations necessitate departure time adjustment",,"With aircraft/pilot, when duty limitations necessitate departure time adjustment",,,,survey instrument item (rating cells blank),,,
D-1#05,D-1,interaction,100,p.12,Table D-1. Nominal Operation Communication or Interaction with Aircraft by Frequency and Criticality.,nominal,Preflight,,,,5,,FOC,,FD,,"With aircraft/pilot, if a change in either route or altitude is desired",,"With aircraft/pilot, if a change in either route or altitude is desired",,,,survey instrument item (rating cells blank),,,
D-1#06,D-1,interaction,100,p.12,Table D-1. Nominal Operation Communication or Interaction with Aircraft by Frequency and Criticality.,nominal,Preflight,,,,6,,FOC,,FD,,"With aircraft/pilot, if hold fuel is to be reduced or eliminated",,"With aircraft/pilot, if hold fuel is to be reduced or eliminated",,,,survey instrument item (rating cells blank),,,
D-1#07,D-1,interaction,100,p.12,Table D-1. Nominal Operation Communication or Interaction with Aircraft by Frequency and Criticality.,nominal,Preflight,,,,7,,FOC,,FD,,"With aircraft/pilot, if there are any changes to the release",,"With aircraft/pilot, if there are any changes to the release",,,,survey instrument item (rating cells blank),,,
D-1#08,D-1,interaction,100,p.12,Table D-1. Nominal Operation Communication or Interaction with Aircraft by Frequency and Criticality.,nominal,Preflight,,,,8,,FOC,,FD,,"With aircraft/pilot, if release disagreement",,"With aircraft/pilot, if release disagreement",,,,survey instrument item (rating cells blank),,,
D-1#09,D-1,interaction,100,p.12,Table D-1. Nominal Operation Communication or Interaction with Aircraft by Frequency and Criticality.,nominal,Preflight,,,,9,,FOC,,FD,,"With aircraft/pilot, if cold weather/icing conditions",,"With aircraft/pilot, if cold weather/icing conditions",,,,survey instrument item (rating cells blank),,,
D-1#10,D-1,interaction,100,p.12,Table D-1. Nominal Operation Communication or Interaction with Aircraft by Frequency and Criticality.,nominal,Preflight,,,,10,,FOC,,FD,,"With aircraft/pilot, if ground delay programs are implemented",,"With aircraft/pilot, if ground delay programs are implemented",,,,survey instrument item (rating cells blank),,,
D-1#11,D-1,interaction,100,p.12,Table D-1. Nominal Operation Communication or Interaction with Aircraft by Frequency and Criticality.,nominal,Taxi,,,,11,,FOC,,FD,,"With aircraft/pilot, if on aircraft flight delay",,"With aircraft/pilot, if on aircraft flight delay",,,,survey instrument item (rating cells blank),,,
D-1#12,D-1,interaction,100,p.12,Table D-1. Nominal Operation Communication or Interaction with Aircraft by Frequency and Criticality.,nominal,Taxi/takeoff,,,,12,,FOC,,FD,,"With aircraft/pilot, to obtain departure clearance with applicable void time",,"With aircraft/pilot, to obtain departure clearance with applicable void time",,,,survey instrument item (rating cells blank),,,
D-1#13,D-1,interaction,100,p.12,Table D-1. Nominal Operation Communication or Interaction with Aircraft by Frequency and Criticality.,nominal,Inflight,,,,13,,FOC,,FD,,"With aircraft/pilot, to establish voice communication",,"With aircraft/pilot, to establish voice communication",,,,survey instrument item (rating cells blank),,,
D-1#14,D-1,interaction,100,p.12,Table D-1. Nominal Operation Communication or Interaction with Aircraft by Frequency and Criticality.,nominal,Inflight,,,,14,,FOC,,FD,,"With aircraft/pilot, if ETA changes greater than 5 minutes",,"With aircraft/pilot, if ETA changes greater than 5 minutes",,,,survey instrument item (rating cells blank),,,
D-1#15,D-1,interaction,100,p.12,Table D-1. Nominal Operation Communication or Interaction with Aircraft by Frequency and Criticality.,nominal,Inflight,,,,15,,FOC,,FD,,"With aircraft/pilot, if fuel consumption greater than planned",,"With aircraft/pilot, if fuel consumption greater than planned",,,,survey instrument item (rating cells blank),,,
D-1#16,D-1,interaction,100,p.12,Table D-1. Nominal Operation Communication or Interaction with Aircraft by Frequency and Criticality.,nominal,Inflight,,,,16,,FOC,,FD,,"With aircraft/pilot, if given a clearance change (reclearance)",,"With aircraft/pilot, if given a clearance change (reclearance)",,,,survey instrument item (rating cells blank),,,
D-1#17,D-1,interaction,100,p.12,Table D-1. Nominal Operation Communication or Interaction with Aircraft by Frequency and Criticality.,nominal,Inflight,,,,17,,FOC,,FD,,"With aircraft/pilot, if route changes significantly",,"With aircraft/pilot, if route changes significantly",,,,survey instrument item (rating cells blank),,,
D-1#18,D-1,interaction,100,p.12,Table D-1. Nominal Operation Communication or Interaction with Aircraft by Frequency and Criticality.,nominal,Inflight,,,,18,,FOC,,FD,,"With aircraft/pilot, if unplanned holding or delaying vectors",,"With aircraft/pilot, if unplanned holding or delaying vectors",,,,survey instrument item (rating cells blank),,,
D-1#19,D-1,interaction,100,p.12,Table D-1. Nominal Operation Communication or Interaction with Aircraft by Frequency and Criticality.,nominal,Inflight,,,,19,,FOC,,FD,,"With aircraft/pilot, if reduced airspeed",,"With aircraft/pilot, if reduced airspeed",,,,survey instrument item (rating cells blank),,,
D-2#01,D-2,interaction,100,p.12,Table D-2. Off-Nominal Operation Communications or Interactions with Aircraft by Frequency and Criticality.,off-nominal,Preflight,,,,1,,FOC,,FD,,"With aircraft/pilot, if their performance limitations or inflight restrictions preclude operations",,"With aircraft/pilot, if their performance limitations or inflight restrictions preclude operations",,,,survey instrument item (rating cells blank),,,
D-2#02,D-2,interaction,100,p.12,Table D-2. Off-Nominal Operation Communications or Interactions with Aircraft by Frequency and Criticality.,off-nominal,Preflight,,,,2,,FOC,,FD,,"With aircraft/pilot, if they have mechanical delays",,"With aircraft/pilot, if they have mechanical delays",,,,survey instrument item (rating cells blank),,,
D-2#03,D-2,interaction,100,p.12,Table D-2. Off-Nominal Operation Communications or Interactions with Aircraft by Frequency and Criticality.,off-nominal,Preflight,,,,3,,FOC,,FD,,"With aircraft/pilot, if FOB exceeds release fuel for weight restricted flight",,"With aircraft/pilot, if FOB exceeds release fuel for weight restricted flight",,,,survey instrument item (rating cells blank),,,
D-2#04,D-2,interaction,100,p.12,Table D-2. Off-Nominal Operation Communications or Interactions with Aircraft by Frequency and Criticality.,off-nominal,Preflight,,,,4,,FOC,,FD,,"With aircraft/pilot, if Takeoff Performance System data are not correct",,"With aircraft/pilot, if Takeoff Performance System data are not correct",,,,survey instrument item (rating cells blank),,,
D-2#05,D-2,interaction,100,p.12,Table D-2. Off-Nominal Operation Communications or Interactions with Aircraft by Frequency and Criticality.,off-nominal,Preflight,,,,5,,FOC,,FD,,"With aircraft/pilot, if fuel is greater or less than the Gate Release fuel",,"With aircraft/pilot, if fuel is greater or less than the Gate Release fuel",,,,survey instrument item (rating cells blank),,,
D-2#06,D-2,interaction,100,p.12,Table D-2. Off-Nominal Operation Communications or Interactions with Aircraft by Frequency and Criticality.,off-nominal,Preflight,,,,6,,FOC,,FD,,"With aircraft/pilot, if any condition prohibits acceptance of PRM clearance If departing to airports where PRM operations are authorized",,"With aircraft/pilot, if any condition prohibits acceptance of PRM clearance If departing to airports where PRM operations are authorized",,,,survey instrument item (rating cells blank),,,
D-2#07,D-2,interaction,100,p.12,Table D-2. Off-Nominal Operation Communications or Interactions with Aircraft by Frequency and Criticality.,off-nominal,Preflight,,,,7,,FOC,,FD,,"With aircraft/pilot, if performance adjustment made by dispatcher",,"With aircraft/pilot, if performance adjustment made by dispatcher",,,,survey instrument item (rating cells blank),,,
D-2#08,D-2,interaction,100,p.12,Table D-2. Off-Nominal Operation Communications or Interactions with Aircraft by Frequency and Criticality.,off-nominal,Preflight,,,,8,,FOC,,FD,,"With aircraft/pilot, if actual fuel on board exceeds gate release fuel by any amount for weight restricted or capped flight",,"With aircraft/pilot, if actual fuel on board exceeds gate release fuel by any amount for weight restricted or capped flight",,,,survey instrument item (rating cells blank),,,
D-2#09,D-2,interaction,100,p.12,Table D-2. Off-Nominal Operation Communications or Interactions with Aircraft by Frequency and Criticality.,off-nominal,Preflight,,,,9,,FOC,,FD,,"With aircraft/pilot, to concur with dispatch whether operations can continue, if precipitation accumulation on runway more than .5 inch",,"With aircraft/pilot, to concur with dispatch whether operations can continue, if precipitation accumulation on runway more than .5 inch",,,,survey instrument item (rating cells blank),,,
D-2#10,D-2,interaction,100,p.12,Table D-2. Off-Nominal Operation Communications or Interactions with Aircraft by Frequency and Criticality.,off-nominal,Preflight,,,,10,,FOC,,FD,,"With aircraft/pilot, if nil braking action report",,"With aircraft/pilot, if nil braking action report",,,,survey instrument item (rating cells blank),,,
D-2#11,D-2,interaction,100,p.12,Table D-2. Off-Nominal Operation Communications or Interactions with Aircraft by Frequency and Criticality.,off-nominal,Preflight,,,,11,,FOC,,FD,,"With aircraft/pilot, to obtain amended release, if immediate maintenance action not required",,"With aircraft/pilot, to obtain amended release, if immediate maintenance action not required",,,,survey instrument item (rating cells blank),,,
D-2#12,D-2,interaction,100,p.12,Table D-2. Off-Nominal Operation Communications or Interactions with Aircraft by Frequency and Criticality.,off-nominal,Preflight,,,,12,,FOC,,FD,,"With aircraft/pilot, if their clearance differs from the Flight Release routing",,"With aircraft/pilot, if their clearance differs from the Flight Release routing",,,,survey instrument item (rating cells blank),,,
D-2#13,D-2,interaction,100,p.12,Table D-2. Off-Nominal Operation Communications or Interactions with Aircraft by Frequency and Criticality.,off-nominal,Taxi,,,,13,,FOC,,FD,,"With aircraft/pilot, if discrepancy prior to takeoff",,"With aircraft/pilot, if discrepancy prior to takeoff",,,,survey instrument item (rating cells blank),,,
D-2#14,D-2,interaction,100,p.12,Table D-2. Off-Nominal Operation Communications or Interactions with Aircraft by Frequency and Criticality.,off-nominal,Inflight,,,,14,,FOC,,FD,,"With aircraft/pilot, to determine nearest suitable airport if emergency landing",,"With aircraft/pilot, to determine nearest suitable airport if emergency landing",,,,survey instrument item (rating cells blank),,,
D-2#15,D-2,interaction,100,p.12,Table D-2. Off-Nominal Operation Communications or Interactions with Aircraft by Frequency and Criticality.,off-nominal,Inflight,,,,15,,FOC,,FD,,"With aircraft/pilot, if landing at unauthorized airport",,"With aircraft/pilot, if landing at unauthorized airport",,,,survey instrument item (rating cells blank),,,
D-2#16,D-2,interaction,100,p.12,Table D-2. Off-Nominal Operation Communications or Interactions with Aircraft by Frequency and Criticality.,off-nominal,Inflight,,,,16,,FOC,,FD,,"With aircraft/pilot, if emergency",,"With aircraft/pilot, if emergency",,,,survey instrument item (rating cells blank),,,
D-2#17,D-2,interaction,100,p.12,Table D-2. Off-Nominal Operation Communications or Interactions with Aircraft by Frequency and Criticality.,off-nominal,Inflight,,,,17,,FOC,,FD,,"With aircraft/pilot, if requesting a routing that deviates from the filed NRP route",,"With aircraft/pilot, if requesting a routing that deviates from the filed NRP route",,,,survey instrument item (rating cells blank),,,
D-2#18,D-2,interaction,100,p.12,Table D-2. Off-Nominal Operation Communications or Interactions with Aircraft by Frequency and Criticality.,off-nominal,Inflight,,,,18,,FOC,,FD,,"With aircraft/pilot, if unforecasted or unreported weather conditions might affect operations",,"With aircraft/pilot, if unforecasted or unreported weather conditions might affect operations",,,,survey instrument item (rating cells blank),,,
D-2#19,D-2,interaction,100,p.12,Table D-2. Off-Nominal Operation Communications or Interactions with Aircraft by Frequency and Criticality.,off-nominal,Inflight,,,,19,,FOC,,FD,,"With aircraft/pilot, if they are diverting",,"With aircraft/pilot, if they are diverting",,,,survey instrument item (rating cells blank),,,
D-3#01,D-3,interaction,101,p.13,Table D-3. Nominal and Off-Nominal Operation Communications or Interactions with ATC by Frequency and,mixed,Preflight,,,,1,,FOC,,ATC,,"With ATC, to require changes on Flight plan prior to the Flight release clearance",,"With ATC, to require changes on Flight plan prior to the Flight release clearance",,,,survey instrument item (rating cells blank),,n/a (flight-crew or FOC procedure; outside JO 7110.65),
D-3#02,D-3,interaction,101,p.13,Table D-3. Nominal and Off-Nominal Operation Communications or Interactions with ATC by Frequency and,mixed,Preflight,,,,2,,FOC,,ATC,,"With ATC, if flight data is not correct on flight plan, prior to the Flight release clearance",,"With ATC, if flight data is not correct on flight plan, prior to the Flight release clearance",,,,survey instrument item (rating cells blank),,n/a (flight-crew or FOC procedure; outside JO 7110.65),
D-3#03,D-3,interaction,101,p.13,Table D-3. Nominal and Off-Nominal Operation Communications or Interactions with ATC by Frequency and,mixed,Preflight,,,,3,,FOC,,ATC,,"With ATC, if aircraft has mechanical delays",,"With ATC, if aircraft has mechanical delays",,,,survey instrument item (rating cells blank),,n/a (flight-crew or FOC procedure; outside JO 7110.65),
D-3#04,D-3,interaction,101,p.13,Table D-3. Nominal and Off-Nominal Operation Communications or Interactions with ATC by Frequency and,mixed,Preflight,,,,4,,FOC,,ATC,,"With ATC, to enquire about runway condition,",,"With ATC, to enquire about runway condition,",,,,survey instrument item (rating cells blank),,n/a (flight-crew or FOC procedure; outside JO 7110.65),
D-3#05,D-3,interaction,101,p.13,Table D-3. Nominal and Off-Nominal Operation Communications or Interactions with ATC by Frequency and,mixed,Preflight,,,,5,,FOC,,ATC,,"With ATC, to obtain PIREPs",,"With ATC, to obtain PIREPs",,,,survey instrument item (rating cells blank),,n/a (flight-crew or FOC procedure; outside JO 7110.65),
D-3#06,D-3,interaction,101,p.13,Table D-3. Nominal and Off-Nominal Operation Communications or Interactions with ATC by Frequency and,mixed,Preflight,,,,6,,FOC,,ATC,,"With ATC, if flight is delayed over 15min",,"With ATC, if flight is delayed over 15min",,,,survey instrument item (rating cells blank),,n/a (flight-crew or FOC procedure; outside JO 7110.65),
D-3#07,D-3,interaction,101,p.13,Table D-3. Nominal and Off-Nominal Operation Communications or Interactions with ATC by Frequency and,mixed,Preflight,,,,7,,FOC,,ATC,,"With ATC, if flight is cancelled.",,"With ATC, if flight is cancelled.",,,,survey instrument item (rating cells blank),,n/a (flight-crew or FOC procedure; outside JO 7110.65),
D-3#08,D-3,interaction,101,p.13,Table D-3. Nominal and Off-Nominal Operation Communications or Interactions with ATC by Frequency and,mixed,Preflight,,,,8,,FOC,,ATC,,"With ATC, if flight plan needs to refilled, because Flight release becomes void",,"With ATC, if flight plan needs to refilled, because Flight release becomes void",,,,survey instrument item (rating cells blank),,n/a (flight-crew or FOC procedure; outside JO 7110.65),
D-3#09,D-3,interaction,101,p.13,Table D-3. Nominal and Off-Nominal Operation Communications or Interactions with ATC by Frequency and,mixed,Inflight,,,,9,,FOC,,ATC,,"With ATC, to determine nearest suitable airport if emergency landing",,"With ATC, to determine nearest suitable airport if emergency landing",,,,survey instrument item (rating cells blank),,n/a (flight-crew or FOC procedure; outside JO 7110.65),
D-3#10,D-3,interaction,101,p.13,Table D-3. Nominal and Off-Nominal Operation Communications or Interactions with ATC by Frequency and,mixed,Inflight,,,,10,,FOC,,ATC,,"With ATC, to determine alternative airport when aircraft is holding",,"With ATC, to determine alternative airport when aircraft is holding",,,,survey instrument item (rating cells blank),,n/a (flight-crew or FOC procedure; outside JO 7110.65),
D-3#11,D-3,interaction,101,p.13,Table D-3. Nominal and Off-Nominal Operation Communications or Interactions with ATC by Frequency and,mixed,Inflight,,,,11,,FOC,,ATC,,"With ATC, to submit a re-release of flight plan",,"With ATC, to submit a re-release of flight plan",,,,survey instrument item (rating cells blank),,n/a (flight-crew or FOC procedure; outside JO 7110.65),
D-3#12,D-3,interaction,101,p.13,Table D-3. Nominal and Off-Nominal Operation Communications or Interactions with ATC by Frequency and,mixed,Inflight,,,,12,,FOC,,ATC,,"With ATC, if aircraft is landing at an unauthorized airport",,"With ATC, if aircraft is landing at an unauthorized airport",,,,survey instrument item (rating cells blank),,n/a (flight-crew or FOC procedure; outside JO 7110.65),
D-3#13,D-3,interaction,101,p.13,Table D-3. Nominal and Off-Nominal Operation Communications or Interactions with ATC by Frequency and,mixed,Inflight,,,,13,,FOC,,ATC,,"With ATC, if aircraft is diverting",,"With ATC, if aircraft is diverting",,,,survey instrument item (rating cells blank),,n/a (flight-crew or FOC procedure; outside JO 7110.65),
D-3#14,D-3,interaction,101,p.13,Table D-3. Nominal and Off-Nominal Operation Communications or Interactions with ATC by Frequency and,mixed,Inflight,,,,14,,FOC,,ATC,,"With ATC, to enquire about weather impact",,"With ATC, to enquire about weather impact",,,,survey instrument item (rating cells blank),,n/a (flight-crew or FOC procedure; outside JO 7110.65),
D-3#15,D-3,interaction,101,p.13,Table D-3. Nominal and Off-Nominal Operation Communications or Interactions with ATC by Frequency and,mixed,Inflight,,,,15,,FOC,,ATC,,"With ATC, to coordinate reroute of flights, because of adverse conditions (weather)",,"With ATC, to coordinate reroute of flights, because of adverse conditions (weather)",,,,survey instrument item (rating cells blank),,n/a (flight-crew or FOC procedure; outside JO 7110.65),
D-3#16,D-3,interaction,101,p.13,Table D-3. Nominal and Off-Nominal Operation Communications or Interactions with ATC by Frequency and,mixed,Inflight,,,,16,,FOC,,ATC,,"With ATC, to obtain PIREPs",,"With ATC, to obtain PIREPs",,,,survey instrument item (rating cells blank),,n/a (flight-crew or FOC procedure; outside JO 7110.65),
D-3#17,D-3,interaction,101,p.13,Table D-3. Nominal and Off-Nominal Operation Communications or Interactions with ATC by Frequency and,mixed,Inflight,,,,17,,FOC,,ATC,,"With ATC, to enquire about runway condition (braking actions) at airport of destination",,"With ATC, to enquire about runway condition (braking actions) at airport of destination",,,,survey instrument item (rating cells blank),,n/a (flight-crew or FOC procedure; outside JO 7110.65),
D-3#18,D-3,interaction,101,p.13,Table D-3. Nominal and Off-Nominal Operation Communications or Interactions with ATC by Frequency and,mixed,Inflight,,,,18,,FOC,,ATC,,"With ATC, to enquire about approach configuration at airport of destination",,"With ATC, to enquire about approach configuration at airport of destination",,,,survey instrument item (rating cells blank),,n/a (flight-crew or FOC procedure; outside JO 7110.65),
D-3#19,D-3,interaction,101,p.13,Table D-3. Nominal and Off-Nominal Operation Communications or Interactions with ATC by Frequency and,mixed,Inflight,,,,19,,FOC,,ATC,,"With ATC, if ground delay programs are being implemented",,"With ATC, if ground delay programs are being implemented",,,,survey instrument item (rating cells blank),,n/a (flight-crew or FOC procedure; outside JO 7110.65),
D-3#20,D-3,interaction,101,p.13,Table D-3. Nominal and Off-Nominal Operation Communications or Interactions with ATC by Frequency and,mixed,Inflight,,,,20,,FOC,,ATC,,"With ATC, if ground stops are being implemented",,"With ATC, if ground stops are being implemented",,,,survey instrument item (rating cells blank),,n/a (flight-crew or FOC procedure; outside JO 7110.65),
D-3#21,D-3,interaction,101,p.13,Table D-3. Nominal and Off-Nominal Operation Communications or Interactions with ATC by Frequency and,mixed,Inflight,,,,21,,FOC,,ATC,,"With ATC, to transmit information to pilots, because direct communication with pilots is broken down",,"With ATC, to transmit information to pilots, because direct communication with pilots is broken down",,,,survey instrument item (rating cells blank),,n/a (flight-crew or FOC procedure; outside JO 7110.65),
,E-1,header,103,p.15,"Interactions Between Flightdeck, ATC and FOC During the Flight Planning Phase Before the Release of the Flight Plan of a Generic Flight.",mixed,Flight planning,,,phase,,,,,,,Flight planning,,,,,,,,,
E-1#01,E-1,interaction,103,p.15,"Interactions Between Flightdeck, ATC and FOC During the Flight Planning Phase Before the Release of the Flight Plan of a Generic Flight.",nominal,Flight planning,,,,1,Telcon,ATC,Command Center,FOC,ATC coordinator,"Advise current weather, delay program at destination and runway configuration",,"Advise current weather, delay program at destination and runway configuration",,,,,,11-1-1 (PDF p.539); 11-1-2 (PDF p.539); 11-1-3 (PDF p.540),
E-1#02,E-1,interaction,103,p.15,"Interactions Between Flightdeck, ATC and FOC During the Flight Planning Phase Before the Release of the Flight Plan of a Generic Flight.",nominal,Flight planning,,,,2,Face-to-Face,FOC,ATC coordinator,FOC,Flight Dispatcher,"Report current weather, delay program at destination and runway configuration",,"Report current weather, delay program at destination and runway configuration",,,,,,,
E-1#03,E-1,interaction,103,p.15,"Interactions Between Flightdeck, ATC and FOC During the Flight Planning Phase Before the Release of the Flight Plan of a Generic Flight.",nominal,Flight planning,,,,3,Computer,FOC,Flight Dispatcher,FOC,Computer,Check weather and NOTAMS,,Check weather and NOTAMS,,,,,,,
E-1#04,E-1,interaction,103,p.15,"Interactions Between Flightdeck, ATC and FOC During the Flight Planning Phase Before the Release of the Flight Plan of a Generic Flight.",nominal,Flight planning,,,,4,Flight planner,FOC,Flight Dispatcher,FOC,Computer,"Check aircraft parameters (MEL, estimated payload), departure and arrival runway",,"Check aircraft parameters (MEL, estimated payload), departure and arrival runway",,,,,,,
E-1#05,E-1,interaction,103,p.15,"Interactions Between Flightdeck, ATC and FOC During the Flight Planning Phase Before the Release of the Flight Plan of a Generic Flight.",nominal,Flight planning,,,,5,Flight planner,FOC,Flight Dispatcher,FOC,Computer,"Compute routing, alternate, runway performances, fuel, extra time",,"Compute routing, alternate, runway performances, fuel, extra time",,,,,,,
E-1#06,E-1,interaction,103,p.15,"Interactions Between Flightdeck, ATC and FOC During the Flight Planning Phase Before the Release of the Flight Plan of a Generic Flight.",nominal,Flight planning,,,,6,Flight planner,FOC,Flight Dispatcher,FOC,Computer,Check prepared flight plan,,Check prepared flight plan,,,,,,,
E-1#07,E-1,interaction,103,p.15,"Interactions Between Flightdeck, ATC and FOC During the Flight Planning Phase Before the Release of the Flight Plan of a Generic Flight.",nominal,Flight planning,,,,7,Host,FOC,Flight Dispatcher,ATC,Host,Release flight plan,,Release flight plan,,,,,,no rule matched,
E-1#08,E-1,interaction,103,p.15,"Interactions Between Flightdeck, ATC and FOC During the Flight Planning Phase Before the Release of the Flight Plan of a Generic Flight.",nominal,Flight planning,,,,8,Computer,FOC,Flight Dispatcher,FOC,Computer,"Monitor weather, NOTAMS, ATIS",,"Monitor weather, NOTAMS, ATIS",,,,,,,
E-1#09,E-1,interaction,103,p.15,"Interactions Between Flightdeck, ATC and FOC During the Flight Planning Phase Before the Release of the Flight Plan of a Generic Flight.",nominal,Flight planning,,,,9,Computer,ATC,Command Center - TMU,ATC,Computer,Assign Expected Departure Clearance Time,If applicable,If applicable: Assign Expected Departure Clearance Time,,,,,,4-3-2 (PDF p.223); 4-2-1 (PDF p.217); 4-3-4 (PDF p.231),
E-1#10,E-1,interaction,103,p.15,"Interactions Between Flightdeck, ATC and FOC During the Flight Planning Phase Before the Release of the Flight Plan of a Generic Flight.",nominal,Flight planning,,,,10,Computer,FD,Crew,FD,Computer,"Obtain flight plan, fuel, altitude, lengths, alternates, Takeoff and landing weights, dispatch name and phone, weather, maintenance history, NOTAMS, crew, security information",,"Obtain flight plan, fuel, altitude, lengths, alternates, Takeoff and landing weights, dispatch name and phone, weather, maintenance history, NOTAMS, crew, security information",,,,,,,
E-1#11,E-1,interaction,103,p.15,"Interactions Between Flightdeck, ATC and FOC During the Flight Planning Phase Before the Release of the Flight Plan of a Generic Flight.",nominal,Flight planning,,,,11,Telcon,ATC,Command Center - TMU,FOC,ATC coordinator,"Advise current weather, delay program at destination and runway configuration",If applicable,"If applicable: Advise current weather, delay program at destination and runway configuration",,,,,,11-1-1 (PDF p.539); 11-1-2 (PDF p.539); 11-1-3 (PDF p.540),
E-1#12,E-1,interaction,103,p.15,"Interactions Between Flightdeck, ATC and FOC During the Flight Planning Phase Before the Release of the Flight Plan of a Generic Flight.",nominal,Flight planning,,,,12,Face-to-Face,FOC,ATC coordinator,FOC,Flight Dispatcher,"Report current weather, delay program, runway configuration at destination",If applicable,"If applicable: Report current weather, delay program, runway configuration at destination",,,,,,,
E-1#13,E-1,interaction,103,p.15,"Interactions Between Flightdeck, ATC and FOC During the Flight Planning Phase Before the Release of the Flight Plan of a Generic Flight.",nominal,Flight planning,,,,13,Face-to-Face,FD,Captain,FD,First Officer,"Review flight plan: route, weather, fuel, takeoff weight, NOTAMS, runway, maintenance",,"Review flight plan: route, weather, fuel, takeoff weight, NOTAMS, runway, maintenance",,,,,,,
E-1#14,E-1,interaction,103,p.15,"Interactions Between Flightdeck, ATC and FOC During the Flight Planning Phase Before the Release of the Flight Plan of a Generic Flight.",nominal,Flight planning,,,,14,Phone,FD,Captain,FOC,Flight Dispatcher,Request flight plan changes,,Request flight plan changes,,,,,,,
E-1#15,E-1,interaction,103,p.15,"Interactions Between Flightdeck, ATC and FOC During the Flight Planning Phase Before the Release of the Flight Plan of a Generic Flight.",nominal,Flight planning,,,,15,Phone,FD,Captain,FOC,Flight Dispatcher,"Discuss issues on fuel, routing, weather, delays, mechanical, runway performance",If applicable (conditional),"If applicable (conditional): Discuss issues on fuel, routing, weather, delays, mechanical, runway performance",,,,,,,
E-1#16,E-1,interaction,103,p.15,"Interactions Between Flightdeck, ATC and FOC During the Flight Planning Phase Before the Release of the Flight Plan of a Generic Flight.",nominal,Flight planning,,,,16,Flight planner,FOC,Flight Dispatcher,FD,Captain,Send amended flight plan,,Send amended flight plan,,,,,,,
E-1#17,E-1,interaction,103,p.15,"Interactions Between Flightdeck, ATC and FOC During the Flight Planning Phase Before the Release of the Flight Plan of a Generic Flight.",nominal,Flight planning,,,,17,Host,FOC,Flight Dispatcher,ATC,Host,Send amended flight plan,,Send amended flight plan,,,,,,4-2-5 (PDF p.218); 2-2-11 (PDF p.60),
E-1#18,E-1,interaction,103,p.15,"Interactions Between Flightdeck, ATC and FOC During the Flight Planning Phase Before the Release of the Flight Plan of a Generic Flight.",nominal,Flight planning,,,,18,Computer or paper,FD,Captain,FOC,Flight Dispatcher,Confirm flight plan concurrence,,Confirm flight plan concurrence,,,,,,,
,E-2,header,104,p.16,"Interactions Between Flightdeck, ATC and FOC during the Flight Planning Phase After Release of the Flight Plan of a Generic Flight.",mixed,,Pilots in the flightdeck,,sub-step,,,,,,,Pilots in the flightdeck,,,,,,,,,
E-2#01,E-2,interaction,104,p.16,"Interactions Between Flightdeck, ATC and FOC during the Flight Planning Phase After Release of the Flight Plan of a Generic Flight.",nominal,"Interactions Between Flightdeck, ATC and FOC during the Flight Planning Phase After Release of the Flight Plan",Pilots in the flightdeck,,,1,ACARS,FD,First Officer,FD,ACARS,"Retrieve flight data in ACARS: Flight plan, weight, ATIS code, runway performance, release verification, maintenance release, departure clearance",,"Retrieve flight data in ACARS: Flight plan, weight, ATIS code, runway performance, release verification, maintenance release, departure clearance",,,,,,,
E-2#02,E-2,interaction,104,p.16,"Interactions Between Flightdeck, ATC and FOC during the Flight Planning Phase After Release of the Flight Plan of a Generic Flight.",nominal,"Interactions Between Flightdeck, ATC and FOC during the Flight Planning Phase After Release of the Flight Plan",Pilots in the flightdeck,,,2,ACARS,FD,First Officer,FD,Computer,Load flight plan data into Flight Management System (FMS),If required and equipped,If required and equipped: Load flight plan data into Flight Management System (FMS),,,,,,,
E-2#03,E-2,interaction,104,p.16,"Interactions Between Flightdeck, ATC and FOC during the Flight Planning Phase After Release of the Flight Plan of a Generic Flight.",nominal,"Interactions Between Flightdeck, ATC and FOC during the Flight Planning Phase After Release of the Flight Plan",Pilots in the flightdeck,,,3,Host,ATC,Host,ATC,Tower - CD,Print flight strips (30min prior departure),,Print flight strips (30min prior departure),,,,,,2-3-1 (PDF p.63); 2-3-4 (PDF p.67),
E-2#04,E-2,interaction,104,p.16,"Interactions Between Flightdeck, ATC and FOC during the Flight Planning Phase After Release of the Flight Plan of a Generic Flight.",nominal,"Interactions Between Flightdeck, ATC and FOC during the Flight Planning Phase After Release of the Flight Plan",Pilots in the flightdeck,,,4,Host,ATC,Tower - CD,ATC,Computer,Check flight plan with requirement and whether an EDCT applies,,Check flight plan with requirement and whether an EDCT applies,,,,,,4-3-4 (PDF p.231),
E-2#05,E-2,interaction,104,p.16,"Interactions Between Flightdeck, ATC and FOC during the Flight Planning Phase After Release of the Flight Plan of a Generic Flight.",nominal,"Interactions Between Flightdeck, ATC and FOC during the Flight Planning Phase After Release of the Flight Plan",Pilots in the flightdeck,,,5,Radio,FD,First Officer,ATC,ATIS,Check ATIS information,,Check ATIS information,,,,,,2-9-2 (PDF p.111); 2-9-3 (PDF p.112),
E-2#06,E-2,interaction,104,p.16,"Interactions Between Flightdeck, ATC and FOC during the Flight Planning Phase After Release of the Flight Plan of a Generic Flight.",nominal,"Interactions Between Flightdeck, ATC and FOC during the Flight Planning Phase After Release of the Flight Plan",Pilots in the flightdeck,,,6,ACARS,FD,First Officer,FOC,Flight Dispatcher,Obtain update on weather condition and runway departure configuration,,Obtain update on weather condition and runway departure configuration,,,,,,,
E-2#07,E-2,interaction,104,p.16,"Interactions Between Flightdeck, ATC and FOC during the Flight Planning Phase After Release of the Flight Plan of a Generic Flight.",nominal,"Interactions Between Flightdeck, ATC and FOC during the Flight Planning Phase After Release of the Flight Plan",Pilots in the flightdeck,,,7,ACARS,FD,First Officer,ATC,Tower - CD,Establish contact,,Establish contact,,,,,,2-1-15 (PDF p.46); 2-4-1 (PDF p.79),
E-2#08,E-2,interaction,104,p.16,"Interactions Between Flightdeck, ATC and FOC during the Flight Planning Phase After Release of the Flight Plan of a Generic Flight.",nominal,"Interactions Between Flightdeck, ATC and FOC during the Flight Planning Phase After Release of the Flight Plan",Pilots in the flightdeck,,,8,ACARS,FD,First Officer,ATC,Tower - CD,Request Pre-Departure Clearance (PDC),,Request Pre-Departure Clearance (PDC),,,,,,4-3-2 (PDF p.223); 4-2-1 (PDF p.217),
E-2#09,E-2,interaction,104,p.16,"Interactions Between Flightdeck, ATC and FOC during the Flight Planning Phase After Release of the Flight Plan of a Generic Flight.",nominal,"Interactions Between Flightdeck, ATC and FOC during the Flight Planning Phase After Release of the Flight Plan",Pilots in the flightdeck,,,9,ACARS,FD,First Officer,ATC,Tower - CD,Advise ATIS identifier,,Advise ATIS identifier,,,,,,2-9-2 (PDF p.111); 2-9-3 (PDF p.112),
E-2#10,E-2,interaction,104,p.16,"Interactions Between Flightdeck, ATC and FOC during the Flight Planning Phase After Release of the Flight Plan of a Generic Flight.",nominal,"Interactions Between Flightdeck, ATC and FOC during the Flight Planning Phase After Release of the Flight Plan",Pilots in the flightdeck,,,10,ACARS,ATC,Tower - CD,FD,First Officer,"Clear PDC: IFR flight plan updated with requirements, squawk code and hold for release if EDCT",,"Clear PDC: IFR flight plan updated with requirements, squawk code and hold for release if EDCT",,,,,,4-3-2 (PDF p.223); 4-2-1 (PDF p.217); 4-3-4 (PDF p.231),
E-2#11,E-2,interaction,104,p.16,"Interactions Between Flightdeck, ATC and FOC during the Flight Planning Phase After Release of the Flight Plan of a Generic Flight.",nominal,"Interactions Between Flightdeck, ATC and FOC during the Flight Planning Phase After Release of the Flight Plan",Pilots in the flightdeck,,,11,ACARS,FD,First Officer,ATC,Tower - CD,Acknowledge PDC,,Acknowledge PDC,,,,,,4-3-2 (PDF p.223); 4-2-1 (PDF p.217),
E-2#12,E-2,interaction,104,p.16,"Interactions Between Flightdeck, ATC and FOC during the Flight Planning Phase After Release of the Flight Plan of a Generic Flight.",nominal,"Interactions Between Flightdeck, ATC and FOC during the Flight Planning Phase After Release of the Flight Plan",Pilots in the flightdeck,,,12,ACARS,FD,First Officer,FD,Computer,Print IFR clearance,,Print IFR clearance,,,,,,,
E-2#13,E-2,interaction,104,p.16,"Interactions Between Flightdeck, ATC and FOC during the Flight Planning Phase After Release of the Flight Plan of a Generic Flight.",nominal,"Interactions Between Flightdeck, ATC and FOC during the Flight Planning Phase After Release of the Flight Plan",Pilots in the flightdeck,,,13,Radio,ATC,Tower - CD,FD,First Officer,"Clear IFR flight plan updated with requirements, squawk code and hold for release if EDCT",If not delivered by ACARS,"If not delivered by ACARS: Clear IFR flight plan updated with requirements, squawk code and hold for release if EDCT",,,,,,4-3-2 (PDF p.223); 4-2-1 (PDF p.217); 4-3-4 (PDF p.231),
E-2#14,E-2,interaction,104,p.16,"Interactions Between Flightdeck, ATC and FOC during the Flight Planning Phase After Release of the Flight Plan of a Generic Flight.",nominal,"Interactions Between Flightdeck, ATC and FOC during the Flight Planning Phase After Release of the Flight Plan",Pilots in the flightdeck,,,14,Radio,FD,First Officer,ATC,Tower - CD,Read back IFR clearance,If not delivered by ACARS,If not delivered by ACARS: Read back IFR clearance,,,,,,4-3-2 (PDF p.223); 4-2-1 (PDF p.217); 2-4-3 (PDF p.79),
E-2#15,E-2,interaction,104,p.16,"Interactions Between Flightdeck, ATC and FOC during the Flight Planning Phase After Release of the Flight Plan of a Generic Flight.",nominal,"Interactions Between Flightdeck, ATC and FOC during the Flight Planning Phase After Release of the Flight Plan",Pilots in the flightdeck,,,15,Face-to-Face,ATC,Tower - CD,ATC,Tower - GC,Give flight strips and required altitude hold for TRACON,,Give flight strips and required altitude hold for TRACON,,,,,,2-3-1 (PDF p.63); 2-3-4 (PDF p.67),
E-2#16,E-2,interaction,104,p.16,"Interactions Between Flightdeck, ATC and FOC during the Flight Planning Phase After Release of the Flight Plan of a Generic Flight.",nominal,"Interactions Between Flightdeck, ATC and FOC during the Flight Planning Phase After Release of the Flight Plan",Pilots in the flightdeck,,,16,Phone,FD,Captain,FOC,Flight Dispatcher,Advise route clearance differences from flight release IFR routing,If applicable,If applicable: Advise route clearance differences from flight release IFR routing,,,,,,,
E-2#17,E-2,interaction,104,p.16,"Interactions Between Flightdeck, ATC and FOC during the Flight Planning Phase After Release of the Flight Plan of a Generic Flight.",nominal,"Interactions Between Flightdeck, ATC and FOC during the Flight Planning Phase After Release of the Flight Plan",Pilots in the flightdeck,,,17,Phone,FD,Captain,FOC,Flight Dispatcher,"Obtain verbal confirmation: Quantity, dispatcher's name, date and time",If overfuel (off-nominal),"If overfuel (off-nominal): Obtain verbal confirmation: Quantity, dispatcher's name, date and time",,,,,,,
E-2#18,E-2,interaction,104,p.16,"Interactions Between Flightdeck, ATC and FOC during the Flight Planning Phase After Release of the Flight Plan of a Generic Flight.",nominal,"Interactions Between Flightdeck, ATC and FOC during the Flight Planning Phase After Release of the Flight Plan",Pilots in the flightdeck,,,18,ACARS,RAMP,Load Planner,FD,First Officer,Send load and passengers list,,Send load and passengers list,,,,,,,
,E-2,header,104,p.16,"Interactions Between Flightdeck, ATC and FOC during the Flight Planning Phase After Release of the Flight Plan of a Generic Flight.",mixed,,Gate closed,,sub-step,,,,,,,Gate closed,,,,,,,,,
E-2#19,E-2,interaction,104,p.16,"Interactions Between Flightdeck, ATC and FOC during the Flight Planning Phase After Release of the Flight Plan of a Generic Flight.",nominal,"Interactions Between Flightdeck, ATC and FOC during the Flight Planning Phase After Release of the Flight Plan",Gate closed,,,19,ACARS,RAMP,Load Planner,FD,ACARS,"Send final weight and balance (automated report, may happen at other time)",,"Send final weight and balance (automated report, may happen at other time)",,,,,,,
E-2#20,E-2,interaction,104,p.16,"Interactions Between Flightdeck, ATC and FOC during the Flight Planning Phase After Release of the Flight Plan of a Generic Flight.",nominal,"Interactions Between Flightdeck, ATC and FOC during the Flight Planning Phase After Release of the Flight Plan",Gate closed,,,20,Face-to-Face,RAMP,Load Planner,FD,Captain,Gives weight and balance print,If not by ACARS,If not by ACARS: Gives weight and balance print,,,,,,,
E-2#21,E-2,interaction,104,p.16,"Interactions Between Flightdeck, ATC and FOC during the Flight Planning Phase After Release of the Flight Plan of a Generic Flight.",nominal,"Interactions Between Flightdeck, ATC and FOC during the Flight Planning Phase After Release of the Flight Plan",Gate closed,,,21,FMS,FD,First Officer,FD,Computer,Check weight and balance against FMS,,Check weight and balance against FMS,,,,,,,
E-2#22,E-2,interaction,104,p.16,"Interactions Between Flightdeck, ATC and FOC during the Flight Planning Phase After Release of the Flight Plan of a Generic Flight.",nominal,"Interactions Between Flightdeck, ATC and FOC during the Flight Planning Phase After Release of the Flight Plan",Gate closed,,,22,FMS,FD,First Officer,FD,Computer,Compute takeoff performance,,Compute takeoff performance,,,,,,,
E-2#23,E-2,interaction,104,p.16,"Interactions Between Flightdeck, ATC and FOC during the Flight Planning Phase After Release of the Flight Plan of a Generic Flight.",nominal,"Interactions Between Flightdeck, ATC and FOC during the Flight Planning Phase After Release of the Flight Plan",Gate closed,,,23,Radio,FD,First Officer,ATC,Tower - GC,Establish contact,,Establish contact,,,,,,2-1-15 (PDF p.46); 2-4-1 (PDF p.79),
E-2#24,E-2,interaction,104,p.16,"Interactions Between Flightdeck, ATC and FOC during the Flight Planning Phase After Release of the Flight Plan of a Generic Flight.",nominal,"Interactions Between Flightdeck, ATC and FOC during the Flight Planning Phase After Release of the Flight Plan",Gate closed,,,24,Radio,FD,First Officer,ATC,Tower - GC,Request departure release,,Request departure release,,,,,,4-3-4 (PDF p.231),
E-2#25,E-2,interaction,104,p.16,"Interactions Between Flightdeck, ATC and FOC during the Flight Planning Phase After Release of the Flight Plan of a Generic Flight.",nominal,"Interactions Between Flightdeck, ATC and FOC during the Flight Planning Phase After Release of the Flight Plan",Gate closed,,,25,Radio,ATC,Tower - GC,FD,First Officer,"Release departure, if applicable, according to EDCT",,"Release departure, if applicable, according to EDCT",,,,,,4-3-4 (PDF p.231),
E-2#26,E-2,interaction,104,p.16,"Interactions Between Flightdeck, ATC and FOC during the Flight Planning Phase After Release of the Flight Plan of a Generic Flight.",nominal,"Interactions Between Flightdeck, ATC and FOC during the Flight Planning Phase After Release of the Flight Plan",Gate closed,,,26,Radio,FD,First Officer,ATC,Tower - GC,Read back EDCT,,Read back EDCT,,,,,,4-3-4 (PDF p.231); 2-4-3 (PDF p.79),
,E-3,header,105,p.17,"Interactions Between Flightdeck, ATC and FOC During the Pushback Phase of a Generic Flight.",mixed,Pushback,,,phase,,,,,,,Pushback,,,,,,,,,
E-3#01,E-3,interaction,105,p.17,"Interactions Between Flightdeck, ATC and FOC During the Pushback Phase of a Generic Flight.",nominal,Pushback,,,,1,Radio,FD,First Officer,ATC,Tower - GC,Request permission to pushback,,Request permission to pushback,,,,,,no rule matched,
E-3#02,E-3,interaction,105,p.17,"Interactions Between Flightdeck, ATC and FOC During the Pushback Phase of a Generic Flight.",nominal,Pushback,,,,2,Radio,FD,First Officer,ATC,Tower - GC,State intentions: Taxi to runway,,State intentions: Taxi to runway,,,,,,3-7-2 (PDF p.152),
E-3#03,E-3,interaction,105,p.17,"Interactions Between Flightdeck, ATC and FOC During the Pushback Phase of a Generic Flight.",nominal,Pushback,,,,3,Radio,FD,First Officer,ATC,Tower - GC,Inform about ATIS identifier code,,Inform about ATIS identifier code,,,,,,2-9-2 (PDF p.111); 2-9-3 (PDF p.112),
E-3#04,E-3,interaction,105,p.17,"Interactions Between Flightdeck, ATC and FOC During the Pushback Phase of a Generic Flight.",nominal,Pushback,,,,4,Radio,ATC,Tower - GC,FD,First Officer,Clear for pushback,,Clear for pushback,,,,,,no rule matched,
E-3#05,E-3,interaction,105,p.17,"Interactions Between Flightdeck, ATC and FOC During the Pushback Phase of a Generic Flight.",nominal,Pushback,,,,5,Interphone,FD,Captain,RAMP,Pushback/Ground,Request pushback,,Request pushback,,,,,,,
E-3#06,E-3,interaction,105,p.17,"Interactions Between Flightdeck, ATC and FOC During the Pushback Phase of a Generic Flight.",nominal,Pushback,,,,6,Interphone,RAMP,Pushback/Ground,FD,Captain,Read back pushback,,Read back pushback,,,,,,,
E-3#07,E-3,interaction,105,p.17,"Interactions Between Flightdeck, ATC and FOC During the Pushback Phase of a Generic Flight.",nominal,Pushback,,,,7,Interphone / gesture,FD,Captain,RAMP,Pushback/Ground,Request parking brakes release,,Request parking brakes release,,,,,,,
E-3#08,E-3,interaction,105,p.17,"Interactions Between Flightdeck, ATC and FOC During the Pushback Phase of a Generic Flight.",nominal,Pushback,,,,8,Interphone / gesture,RAMP,Pushback/Ground,FD,Captain,Read back request parking brakes release,,Read back request parking brakes release,,,,,,,
E-3#09,E-3,interaction,105,p.17,"Interactions Between Flightdeck, ATC and FOC During the Pushback Phase of a Generic Flight.",nominal,Pushback,,,,9,Interphone / gesture,RAMP,Pushback/Ground,FD,Captain,Confirm parking brakes release,,Confirm parking brakes release,,,,,,,
E-3#10,E-3,interaction,105,p.17,"Interactions Between Flightdeck, ATC and FOC During the Pushback Phase of a Generic Flight.",nominal,Pushback,,,,10,ACARS,FD,ACARS,FOC,Flight Dispatcher,Send Off The Gate report (automated),If equipped,If equipped: Send Off The Gate report (automated),,,,,,,
E-3#11,E-3,interaction,105,p.17,"Interactions Between Flightdeck, ATC and FOC During the Pushback Phase of a Generic Flight.",nominal,Pushback,,,,11,ACARS,RAMP,Load Planner,FD,ACARS,Send final weight and balance (may require computation of takeoff performance),If set by break release,If set by break release: Send final weight and balance (may require computation of takeoff performance),,,,,,,
E-3#12,E-3,interaction,105,p.17,"Interactions Between Flightdeck, ATC and FOC During the Pushback Phase of a Generic Flight.",nominal,Pushback,,,,12,Interphone / gesture,RAMP,Pushback/Ground,FD,Captain,Give cue to start engine start 1,,Give cue to start engine start 1,,,,,,,
E-3#13,E-3,interaction,105,p.17,"Interactions Between Flightdeck, ATC and FOC During the Pushback Phase of a Generic Flight.",nominal,Pushback,,,,13,Interphone / gesture,RAMP,Pushback/Ground,FD,Captain,Give cue to start engine start 2,,Give cue to start engine start 2,,,,,,,
E-3#14,E-3,interaction,105,p.17,"Interactions Between Flightdeck, ATC and FOC During the Pushback Phase of a Generic Flight.",nominal,Pushback,,,,14,Gesture,RAMP,Pushback/Ground,FD,Captain,Signal release from guidance,,Signal release from guidance,,,,,,,
E-3#15,E-3,interaction,105,p.17,"Interactions Between Flightdeck, ATC and FOC During the Pushback Phase of a Generic Flight.",nominal,Pushback,,,,15,Gesture,FD,Captain,RAMP,Pushback/Ground,Acknowledge aircraft is released from guidance,,Acknowledge aircraft is released from guidance,,,,,,,
,E-4,header,106,p.18,"Interactions Between Flightdeck, ATC and FOC During the Taxi-Out Phase of a Generic Flight.",mixed,Taxi-out,,,phase,,,,,,,Taxi-out,,,,,,,,,
E-4#01,E-4,interaction,106,p.18,"Interactions Between Flightdeck, ATC and FOC During the Taxi-Out Phase of a Generic Flight.",nominal,Taxi-out,,,,1,Host,ATC,Departure - RA,ATC,Computer,Amend flight plan amendment,If applicable,If applicable: Amend flight plan amendment,,,,,,4-2-5 (PDF p.218); 2-2-11 (PDF p.60),
E-4#02,E-4,interaction,106,p.18,"Interactions Between Flightdeck, ATC and FOC During the Taxi-Out Phase of a Generic Flight.",nominal,Taxi-out,,,,2,Radio,FD,First Officer,ATC,Tower - GC,Advise ready to taxi,,Advise ready to taxi,,,,,,3-7-2 (PDF p.152),
E-4#03,E-4,interaction,106,p.18,"Interactions Between Flightdeck, ATC and FOC During the Taxi-Out Phase of a Generic Flight.",nominal,Taxi-out,,,,3,Radio,ATC,Tower - GC,FD,First Officer,Issue taxi clearance to runway,,Issue taxi clearance to runway,,,,,,3-7-2 (PDF p.152),
E-4#04,E-4,interaction,106,p.18,"Interactions Between Flightdeck, ATC and FOC During the Taxi-Out Phase of a Generic Flight.",nominal,Taxi-out,,,,4,Radio,FD,First Officer,ATC,Tower - GC,Read back taxi clearance,,Read back taxi clearance,,,,,,3-7-2 (PDF p.152); 2-4-3 (PDF p.79),
E-4#05,E-4,interaction,106,p.18,"Interactions Between Flightdeck, ATC and FOC During the Taxi-Out Phase of a Generic Flight.",nominal,Taxi-out,,,,5,ACARS,RAMP,Load Planner,FD,ACARS,Send final weight and balance (may require computation of takeoff performance),If has not happened already,If has not happened already: Send final weight and balance (may require computation of takeoff performance),,,,,,,
E-4#06,E-4,interaction,106,p.18,"Interactions Between Flightdeck, ATC and FOC During the Taxi-Out Phase of a Generic Flight.",nominal,Taxi-out,,,,6,Radio,FD,First Officer,ATC,Tower - GC,Request runway change,If applicable (conditional),If applicable (conditional): Request runway change,,,,,,no rule matched,
E-4#07,E-4,interaction,106,p.18,"Interactions Between Flightdeck, ATC and FOC During the Taxi-Out Phase of a Generic Flight.",nominal,Taxi-out,,,,7,Radio,ATC,Tower - GC,FD,First Officer,Issue a new taxi sequence and departure procedure clearance,If applicable (conditional),If applicable (conditional): Issue a new taxi sequence and departure procedure clearance,,,,,,3-7-2 (PDF p.152),
E-4#08,E-4,interaction,106,p.18,"Interactions Between Flightdeck, ATC and FOC During the Taxi-Out Phase of a Generic Flight.",nominal,Taxi-out,,,,8,Radio,ATC,Tower - GC,FD,First Officer,Clear taxi movements and hold,,Clear taxi movements and hold,,,,,,3-7-2 (PDF p.152),
E-4#09,E-4,interaction,106,p.18,"Interactions Between Flightdeck, ATC and FOC During the Taxi-Out Phase of a Generic Flight.",nominal,Taxi-out,,,,9,Radio,ATC,Tower - GC,FD,First Officer,Request contact LC on new frequency,,Request contact LC on new frequency,,,,,,2-1-15 (PDF p.46); 2-4-1 (PDF p.79),
E-4#10,E-4,interaction,106,p.18,"Interactions Between Flightdeck, ATC and FOC During the Taxi-Out Phase of a Generic Flight.",nominal,Taxi-out,,,,10,Radio,FD,First Officer,ATC,Tower - GC,"Read back taxi movements, hold and frequency change",,"Read back taxi movements, hold and frequency change",,,,,,3-7-2 (PDF p.152); 2-4-3 (PDF p.79); 2-1-15 (PDF p.46); 2-4-1 (PDF p.79),
E-4#11,E-4,interaction,106,p.18,"Interactions Between Flightdeck, ATC and FOC During the Taxi-Out Phase of a Generic Flight.",nominal,Taxi-out,,,,11,Face-to-Face,ATC,Tower - GC,ATC,Tower - LC,Hand over flight strips,,Hand over flight strips,,,,,,2-3-1 (PDF p.63); 2-3-4 (PDF p.67),
E-4#12,E-4,interaction,106,p.18,"Interactions Between Flightdeck, ATC and FOC During the Taxi-Out Phase of a Generic Flight.",nominal,Taxi-out,,,,12,Radio,FD,First Officer,ATC,Tower - LC,Establish contact: ID and position,,Establish contact: ID and position,,,,,,2-1-15 (PDF p.46); 2-4-1 (PDF p.79),
E-4#13,E-4,interaction,106,p.18,"Interactions Between Flightdeck, ATC and FOC During the Taxi-Out Phase of a Generic Flight.",nominal,Taxi-out,,,,13,Radio,ATC,Tower - LC,FD,First Officer,Instruct position to hold short of runway,,Instruct position to hold short of runway,,,,,,3-7-2 (PDF p.152),
E-4#14,E-4,interaction,106,p.18,"Interactions Between Flightdeck, ATC and FOC During the Taxi-Out Phase of a Generic Flight.",nominal,Taxi-out,,,,14,Radio,FD,First Officer,ATC,Tower - LC,Read back hold short of runway,,Read back hold short of runway,,,,,,3-7-2 (PDF p.152); 2-4-3 (PDF p.79),
E-4#15,E-4,interaction,106,p.18,"Interactions Between Flightdeck, ATC and FOC During the Taxi-Out Phase of a Generic Flight.",nominal,Taxi-out,,,,15,Radio,ATC,Tower - LC,FD,First Officer,Relay flight plan amendment,If applicable,If applicable: Relay flight plan amendment,,,,,,4-2-5 (PDF p.218); 2-2-11 (PDF p.60),
E-4#16,E-4,interaction,106,p.18,"Interactions Between Flightdeck, ATC and FOC During the Taxi-Out Phase of a Generic Flight.",nominal,Taxi-out,,,,16,Radio,FD,First Officer,ATC,Tower - LC,Read back flight plan amendment,If applicable,If applicable: Read back flight plan amendment,,,,,,2-4-3 (PDF p.79); 4-2-5 (PDF p.218); 2-2-11 (PDF p.60),
E-4#17,E-4,interaction,106,p.18,"Interactions Between Flightdeck, ATC and FOC During the Taxi-Out Phase of a Generic Flight.",nominal,Taxi-out,,,,17,ACARS,FD,First Officer,FD,Computer,Amend FMS,If applicable,If applicable: Amend FMS,,,,,,,
E-4#18,E-4,interaction,106,p.18,"Interactions Between Flightdeck, ATC and FOC During the Taxi-Out Phase of a Generic Flight.",nominal,Taxi-out,,,,18,Various,ATC,Tower - LC,ATC,Departure - R,"Activate flight data using flight strip, squawk or SID code",If applicable,"If applicable: Activate flight data using flight strip, squawk or SID code",,,,,,2-3-1 (PDF p.63); 2-3-4 (PDF p.67); 2-2-2 (PDF p.57),
E-4#19,E-4,interaction,106,p.18,"Interactions Between Flightdeck, ATC and FOC During the Taxi-Out Phase of a Generic Flight.",nominal,Taxi-out,,,,19,URET,ATC,Departure - R,ATC,Computer,"Check flight plan, runway, alt, 1st fix",,"Check flight plan, runway, alt, 1st fix",,,,,,no rule matched,
E-4#20,E-4,interaction,106,p.18,"Interactions Between Flightdeck, ATC and FOC During the Taxi-Out Phase of a Generic Flight.",nominal,Taxi-out,,,,20,Phone,ATC,Departure - R,ATC,Tower - LC,Local Controller need permission from TRACON or Center to clear for departure (Release flight),If applicable,If applicable: Local Controller need permission from TRACON or Center to clear for departure (Release flight),,,,,,no rule matched,
E-4#21,E-4,interaction,106,p.18,"Interactions Between Flightdeck, ATC and FOC During the Taxi-Out Phase of a Generic Flight.",nominal,Taxi-out,,,,21,Radio,ATC,Tower - LC,FD,Captain,Instruct position and hold on runway,,Instruct position and hold on runway,,,,,,no rule matched,
,E-5,header,107,p.19,"Interactions Between Flightdeck, ATC and FOC During the Takeoff Phase of a Generic Flight.",mixed,Takeoff,,,phase,,,,,,,Takeoff,,,,,,,,,
E-5#01,E-5,interaction,107,p.19,"Interactions Between Flightdeck, ATC and FOC During the Takeoff Phase of a Generic Flight.",nominal,Takeoff,,,,1,Radio,FD,Captain,ATC,Tower - LC,Advise ready for takeoff,,Advise ready for takeoff,,,,,,3-9-10 (PDF p.180); 3-9-4 (PDF p.166),
E-5#02,E-5,interaction,107,p.19,"Interactions Between Flightdeck, ATC and FOC During the Takeoff Phase of a Generic Flight.",nominal,Takeoff,,,,2,Radio,ATC,Tower - LC,FD,Captain,Clear for takeoff,,Clear for takeoff,,,,,,3-9-10 (PDF p.180); 3-9-4 (PDF p.166),
E-5#03,E-5,interaction,107,p.19,"Interactions Between Flightdeck, ATC and FOC During the Takeoff Phase of a Generic Flight.",nominal,Takeoff,,,,3,Radio,FD,Captain,ATC,Tower - LC,Read back takeoff clearance,,Read back takeoff clearance,,,,,,3-9-10 (PDF p.180); 3-9-4 (PDF p.166); 2-4-3 (PDF p.79),
E-5#04,E-5,interaction,107,p.19,"Interactions Between Flightdeck, ATC and FOC During the Takeoff Phase of a Generic Flight.",nominal,Takeoff,,,,4,Face-to-Face,FD,Pilot Monitoring,FD,Captain,Call out V1,,Call out V1,,,,,,,
E-5#05,E-5,interaction,107,p.19,"Interactions Between Flightdeck, ATC and FOC During the Takeoff Phase of a Generic Flight.",nominal,Takeoff,,,,5,Face-to-Face,FD,Pilot Monitoring,FD,Captain,Call out Vr,,Call out Vr,,,,,,,
E-5#06,E-5,interaction,107,p.19,"Interactions Between Flightdeck, ATC and FOC During the Takeoff Phase of a Generic Flight.",nominal,Takeoff,,,,6,ACARS,FD,ACARS,FOC,Flight Dispatcher,Send Off The Ground report (automated),If equipped,If equipped: Send Off The Ground report (automated),,,,,,,
E-5#07,E-5,interaction,107,p.19,"Interactions Between Flightdeck, ATC and FOC During the Takeoff Phase of a Generic Flight.",nominal,Takeoff,,,,7,Face-to-Face,FD,Pilot Monitoring,FD,Captain,Call out V2,,Call out V2,,,,,,,
E-5#08,E-5,interaction,107,p.19,"Interactions Between Flightdeck, ATC and FOC During the Takeoff Phase of a Generic Flight.",nominal,Takeoff,,,,8,Radio,ATC,Tower - LC,FD,Pilot Monitoring,Request contact on departure frequency,,Request contact on departure frequency,,,,,,2-1-15 (PDF p.46); 2-4-1 (PDF p.79),
E-5#09,E-5,interaction,107,p.19,"Interactions Between Flightdeck, ATC and FOC During the Takeoff Phase of a Generic Flight.",nominal,Takeoff,,,,9,Radio,FD,Pilot Monitoring,ATC,Tower - LC,Read back change of frequency,,Read back change of frequency,,,,,,2-4-3 (PDF p.79); 2-1-15 (PDF p.46); 2-4-1 (PDF p.79),
E-5#10,E-5,interaction,107,p.19,"Interactions Between Flightdeck, ATC and FOC During the Takeoff Phase of a Generic Flight.",nominal,Takeoff,,,,10,Radio,FD,Pilot Monitoring,ATC,Departure - R,"Establish contact: Give ID, altitude change and heading",,"Establish contact: Give ID, altitude change and heading",,,,,,2-1-15 (PDF p.46); 2-4-1 (PDF p.79),
E-5#11,E-5,interaction,107,p.19,"Interactions Between Flightdeck, ATC and FOC During the Takeoff Phase of a Generic Flight.",nominal,Takeoff,,,,11,URET,ATC,Departure - R,ATC,Computer,Check Mode C,,Check Mode C,,,,,,no rule matched,
E-5#12,E-5,interaction,107,p.19,"Interactions Between Flightdeck, ATC and FOC During the Takeoff Phase of a Generic Flight.",nominal,Takeoff,,,,12,URET,ATC,Departure - R,ATC,Computer,Check altitude leaving and assigned to,,Check altitude leaving and assigned to,,,,,,no rule matched,
E-5#13,E-5,interaction,107,p.19,"Interactions Between Flightdeck, ATC and FOC During the Takeoff Phase of a Generic Flight.",nominal,Takeoff,,,,13,Radio,ATC,Departure - R,FD,Pilot Monitoring,Read back ID altitude change,,Read back ID altitude change,,,,,,2-4-3 (PDF p.79),
E-5#14,E-5,interaction,107,p.19,"Interactions Between Flightdeck, ATC and FOC During the Takeoff Phase of a Generic Flight.",nominal,Takeoff,,,,14,Radio,ATC,Departure - R,FD,Pilot Monitoring,Instruct maintain altitude for given time,If applicable,If applicable: Instruct maintain altitude for given time,,,,,,no rule matched,
E-5#15,E-5,interaction,107,p.19,"Interactions Between Flightdeck, ATC and FOC During the Takeoff Phase of a Generic Flight.",nominal,Takeoff,,,,15,Radio,FD,Pilot Monitoring,ATC,Departure - R,Request climb,If applicable,If applicable: Request climb,,,,,,no rule matched,
E-5#16,E-5,interaction,107,p.19,"Interactions Between Flightdeck, ATC and FOC During the Takeoff Phase of a Generic Flight.",nominal,Takeoff,,,,16,Radio,ATC,Departure - R,FD,Pilot Monitoring,Clear new altitude,If applicable,If applicable: Clear new altitude,,,,,,no rule matched,
E-5#17,E-5,interaction,107,p.19,"Interactions Between Flightdeck, ATC and FOC During the Takeoff Phase of a Generic Flight.",nominal,Takeoff,,,,17,Radio,FD,Pilot Monitoring,ATC,Departure - R,read back New altitude,,read back New altitude,,,,,,2-4-3 (PDF p.79),
E-5#18,E-5,interaction,107,p.19,"Interactions Between Flightdeck, ATC and FOC During the Takeoff Phase of a Generic Flight.",nominal,Takeoff,,,,18,Radio,ATC,Departure - R,FD,Pilot Monitoring,Request contact new frequency,,Request contact new frequency,,,,,,2-1-15 (PDF p.46); 2-4-1 (PDF p.79),
E-5#19,E-5,interaction,107,p.19,"Interactions Between Flightdeck, ATC and FOC During the Takeoff Phase of a Generic Flight.",nominal,Takeoff,,,,19,Radio,FD,Pilot Monitoring,ATC,Departure - R,Read back change of frequency,,Read back change of frequency,,,,,,2-4-3 (PDF p.79); 2-1-15 (PDF p.46); 2-4-1 (PDF p.79),
E-5#20,E-5,interaction,107,p.19,"Interactions Between Flightdeck, ATC and FOC During the Takeoff Phase of a Generic Flight.",nominal,Takeoff,,,,20,PVD,ATC,Departure - R,ATC,1st Center 1st sector - RA,Initiate handoff,,Initiate handoff,,,,,,5-4-5 (PDF p.303); 5-4-6 (PDF p.304); 2-1-15 (PDF p.46),
E-5#21,E-5,interaction,107,p.19,"Interactions Between Flightdeck, ATC and FOC During the Takeoff Phase of a Generic Flight.",nominal,Takeoff,,,,21,PVD,ATC,1st Center 1st sector - RA,ATC,Departure - R,Accept handoff,,Accept handoff,,,,,,5-4-5 (PDF p.303); 5-4-6 (PDF p.304); 2-1-15 (PDF p.46),
E-5#22,E-5,interaction,107,p.19,"Interactions Between Flightdeck, ATC and FOC During the Takeoff Phase of a Generic Flight.",nominal,Takeoff,,,,22,URET,ATC,1st Center 1st sector - RA,ATC,Computer,Check first fix point and altitude,,Check first fix point and altitude,,,,,,no rule matched,
E-5#23,E-5,interaction,107,p.19,"Interactions Between Flightdeck, ATC and FOC During the Takeoff Phase of a Generic Flight.",nominal,Takeoff,,,,23,Radio,FD,Pilot Monitoring,ATC,1st Center 1st sector - R,"Establish contact: Give ID, altitude and heading",,"Establish contact: Give ID, altitude and heading",,,,,,2-1-15 (PDF p.46); 2-4-1 (PDF p.79),
E-5#24,E-5,interaction,107,p.19,"Interactions Between Flightdeck, ATC and FOC During the Takeoff Phase of a Generic Flight.",nominal,Takeoff,,,,24,Radio,ATC,1st Center 1st sector - R,FD,Pilot Monitoring,"Read back ID, altitude and heading",,"Read back ID, altitude and heading",,,,,,2-4-3 (PDF p.79),
E-5#25,E-5,interaction,107,p.19,"Interactions Between Flightdeck, ATC and FOC During the Takeoff Phase of a Generic Flight.",nominal,Takeoff,,,,25,Radio,FD,Pilot Monitoring,ATC,1st Center 1st sector - R,Request to climb,,Request to climb,,,,,,no rule matched,
E-5#26,E-5,interaction,107,p.19,"Interactions Between Flightdeck, ATC and FOC During the Takeoff Phase of a Generic Flight.",nominal,Takeoff,,,,26,Radio,ATC,1st Center 1st sector - R,FD,Pilot Monitoring,Clear change of altitude,,Clear change of altitude,,,,,,no rule matched,
,E-6,header,108,p.20,"Interactions Between Flightdeck, ATC and FOC During the Cruise Phase of a Generic Flight. .",mixed,Cruise,,,phase,,,,,,,Cruise,,,,,,,,,
E-6#01,E-6,interaction,108,p.20,"Interactions Between Flightdeck, ATC and FOC During the Cruise Phase of a Generic Flight. .",nominal,Cruise,,,,1,PVD,ATC,1st Center 1st sector - R,ATC,1st Center 2nd sector - RA,Request handoff,,Request handoff,,,,,,5-4-5 (PDF p.303); 5-4-6 (PDF p.304); 2-1-15 (PDF p.46),
E-6#02,E-6,interaction,108,p.20,"Interactions Between Flightdeck, ATC and FOC During the Cruise Phase of a Generic Flight. .",nominal,Cruise,,,,2,PVD,ATC,1st Center 2nd sector - RA,ATC,1st Center 1st sector - R,Accept handoff,,Accept handoff,,,,,,5-4-5 (PDF p.303); 5-4-6 (PDF p.304); 2-1-15 (PDF p.46),
E-6#03,E-6,interaction,108,p.20,"Interactions Between Flightdeck, ATC and FOC During the Cruise Phase of a Generic Flight. .",nominal,Cruise,,,,3,Radio,ATC,1st Center 1st sector - R,FD,Pilot Monitoring,Request contact new frequency,,Request contact new frequency,,,,,,2-1-15 (PDF p.46); 2-4-1 (PDF p.79),
E-6#04,E-6,interaction,108,p.20,"Interactions Between Flightdeck, ATC and FOC During the Cruise Phase of a Generic Flight. .",nominal,Cruise,,,,4,Radio,FD,Pilot Monitoring,ATC,1st Center 1st sector - R,Read back change of frequency,,Read back change of frequency,,,,,,2-4-3 (PDF p.79); 2-1-15 (PDF p.46); 2-4-1 (PDF p.79),
E-6#05,E-6,interaction,108,p.20,"Interactions Between Flightdeck, ATC and FOC During the Cruise Phase of a Generic Flight. .",nominal,Cruise,,,,5,Radio,FD,Pilot Monitoring,ATC,1st Center 2nd sector - R,"Establish contact: Give ID, altitude and heading",,"Establish contact: Give ID, altitude and heading",,,,,,2-1-15 (PDF p.46); 2-4-1 (PDF p.79),
E-6#06,E-6,interaction,108,p.20,"Interactions Between Flightdeck, ATC and FOC During the Cruise Phase of a Generic Flight. .",nominal,Cruise,,,,6,Radio,ATC,1st Center 2nd sector - R,FD,Pilot Monitoring,"Read back ID, altitude and heading",,"Read back ID, altitude and heading",,,,,,2-4-3 (PDF p.79),
E-6#07,E-6,interaction,108,p.20,"Interactions Between Flightdeck, ATC and FOC During the Cruise Phase of a Generic Flight. .",nominal,Cruise,,,,7,Radio,ATC,1st Center 2nd sector - R,FD,Pilot Monitoring,Request change of heading,If applicable,If applicable: Request change of heading,,,,,,no rule matched,
E-6#08,E-6,interaction,108,p.20,"Interactions Between Flightdeck, ATC and FOC During the Cruise Phase of a Generic Flight. .",nominal,Cruise,,,,8,Radio,FD,Pilot Monitoring,ATC,1st Center 2nd sector - R,Clear new heading,If applicable,If applicable: Clear new heading,,,,,,no rule matched,
,E-6,gap,108,p.20,"Interactions Between Flightdeck, ATC and FOC During the Cruise Phase of a Generic Flight. .",mixed,Cruise,,,,,,,,,,…,,…,,,,,,,time-gap marker (indeterminate lapse of time)
E-6#09,E-6,interaction,108,p.20,"Interactions Between Flightdeck, ATC and FOC During the Cruise Phase of a Generic Flight. .",nominal,Cruise,,,,9,PVD,ATC,1st Center 2nd sector - R,ATC,2nd Center 1st sector - RA,Request handoff,,Request handoff,,,,,,5-4-5 (PDF p.303); 5-4-6 (PDF p.304); 2-1-15 (PDF p.46),
E-6#10,E-6,interaction,108,p.20,"Interactions Between Flightdeck, ATC and FOC During the Cruise Phase of a Generic Flight. .",nominal,Cruise,,,,10,PVD,ATC,2nd Center 1st sector - RA,ATC,1st Center 2nd sector - R,Accept handoff,,Accept handoff,,,,,,5-4-5 (PDF p.303); 5-4-6 (PDF p.304); 2-1-15 (PDF p.46),
E-6#11,E-6,interaction,108,p.20,"Interactions Between Flightdeck, ATC and FOC During the Cruise Phase of a Generic Flight. .",nominal,Cruise,,,,11,Interphone,ATC,2nd Center 1st sector - R,ATC,1st Center 2nd sector - RA,Request change of altitude (prior entering in new sector ZB-1),If applicable,If applicable: Request change of altitude (prior entering in new sector ZB-1),,,,,,no rule matched,
E-6#12,E-6,interaction,108,p.20,"Interactions Between Flightdeck, ATC and FOC During the Cruise Phase of a Generic Flight. .",nominal,Cruise,,,,12,Interphone,ATC,1st Center 2nd sector - R,ATC,2nd Center 1st sector - R,Acknowledge change of altitude,If applicable,If applicable: Acknowledge change of altitude,,,,,,no rule matched,
E-6#13,E-6,interaction,108,p.20,"Interactions Between Flightdeck, ATC and FOC During the Cruise Phase of a Generic Flight. .",nominal,Cruise,,,,13,Face-to-Face,ATC,1st Center 2nd sector - R,ATC,1st Center 2nd sector - R,Relay change of altitude request from ZB-1,If applicable,If applicable: Relay change of altitude request from ZB-1,,,,,,no rule matched,
E-6#14,E-6,interaction,108,p.20,"Interactions Between Flightdeck, ATC and FOC During the Cruise Phase of a Generic Flight. .",nominal,Cruise,,,,14,Radio,ATC,1st Center 2nd sector - R,FD,Pilot Monitoring,Clear change of altitude,If applicable,If applicable: Clear change of altitude,,,,,,no rule matched,
E-6#15,E-6,interaction,108,p.20,"Interactions Between Flightdeck, ATC and FOC During the Cruise Phase of a Generic Flight. .",nominal,Cruise,,,,15,Radio,FD,Pilot Monitoring,ATC,1st Center 2nd sector - R,Read back change of altitude,If applicable,If applicable: Read back change of altitude,,,,,,2-4-3 (PDF p.79),
E-6#16,E-6,interaction,108,p.20,"Interactions Between Flightdeck, ATC and FOC During the Cruise Phase of a Generic Flight. .",nominal,Cruise,,,,16,Radio,ATC,1st Center 2nd sector - R,FD,Pilot Monitoring,Request contact new frequency,,Request contact new frequency,,,,,,2-1-15 (PDF p.46); 2-4-1 (PDF p.79),
E-6#17,E-6,interaction,108,p.20,"Interactions Between Flightdeck, ATC and FOC During the Cruise Phase of a Generic Flight. .",nominal,Cruise,,,,17,Radio,FD,Pilot Monitoring,ATC,1st Center 2nd sector - R,Read back change of frequency,,Read back change of frequency,,,,,,2-4-3 (PDF p.79); 2-1-15 (PDF p.46); 2-4-1 (PDF p.79),
E-6#18,E-6,interaction,108,p.20,"Interactions Between Flightdeck, ATC and FOC During the Cruise Phase of a Generic Flight. .",nominal,Cruise,,,,18,Radio,FD,Pilot Monitoring,ATC,2nd Center 1st sector - R,"Establish contact: Give ID, altitude and heading",,"Establish contact: Give ID, altitude and heading",,,,,,2-1-15 (PDF p.46); 2-4-1 (PDF p.79),
E-6#19,E-6,interaction,108,p.20,"Interactions Between Flightdeck, ATC and FOC During the Cruise Phase of a Generic Flight. .",nominal,Cruise,,,,19,,ATC,2nd Center 1st sector - R,FD,Pilot Monitoring,"Read back ID, altitude and heading",,"Read back ID, altitude and heading",,,,,,2-4-3 (PDF p.79),media-blank
,E-6,gap,108,p.20,"Interactions Between Flightdeck, ATC and FOC During the Cruise Phase of a Generic Flight. .",mixed,Cruise,,,,,,,,,,…,,…,,,,,,,time-gap marker (indeterminate lapse of time)
E-6#20,E-6,interaction,108,p.20,"Interactions Between Flightdeck, ATC and FOC During the Cruise Phase of a Generic Flight. .",nominal,Cruise,,,,20,ACARS,FOC,Flight Dispatcher,FD,Pilot Monitoring,"Establish contact, required every 2 hours",,"Establish contact, required every 2 hours",,,,,,,
E-6#21,E-6,interaction,108,p.20,"Interactions Between Flightdeck, ATC and FOC During the Cruise Phase of a Generic Flight. .",nominal,Cruise,,,,21,ACARS,FD,Pilot Monitoring,FOC,Flight Dispatcher,Acknowledge message,,Acknowledge message,,,,,,,
E-6#22,E-6,interaction,108,p.20,"Interactions Between Flightdeck, ATC and FOC During the Cruise Phase of a Generic Flight. .",nominal,Cruise,,,,22,ACARS,FOC,Flight Dispatcher,FD,Pilot Monitoring,Inform update about weather on east coast and runway at destination,,Inform update about weather on east coast and runway at destination,,,,,,,
E-6#23,E-6,interaction,108,p.20,"Interactions Between Flightdeck, ATC and FOC During the Cruise Phase of a Generic Flight. .",nominal,Cruise,,,,23,ACARS,FD,Pilot Monitoring,FOC,Flight Dispatcher,Acknowledge message,,Acknowledge message,,,,,,,
,E-6,gap,108,p.20,"Interactions Between Flightdeck, ATC and FOC During the Cruise Phase of a Generic Flight. .",mixed,Cruise,,,,,,,,,,…,,…,,,,,,,time-gap marker (indeterminate lapse of time)
,E-7,header,109,p.21,"Interactions Between Flightdeck, ATC and FOC During an Off-Nominal Event in the Cruise Phase of a Generic Flight.",mixed,,,Off-Nominal: Command Center decides to reroute traffic due to weather East of destination,off-nominal event,,,,,,,Off-Nominal: Command Center decides to reroute traffic due to weather East of destination,,,,,,,,,
E-7#01,E-7,interaction,109,p.21,"Interactions Between Flightdeck, ATC and FOC During an Off-Nominal Event in the Cruise Phase of a Generic Flight.",off-nominal,Off-Nominal Event in the Cruise Phase,,Off-Nominal: Command Center decides to reroute traffic due to weather East of destination,,1,Phone,ATC,Tower - TMU,ATC,Command Center - TMU,Report change of runway configuration because of weather,,Report change of runway configuration because of weather,,,,,,no rule matched,
E-7#02,E-7,interaction,109,p.21,"Interactions Between Flightdeck, ATC and FOC During an Off-Nominal Event in the Cruise Phase of a Generic Flight.",off-nominal,Off-Nominal Event in the Cruise Phase,,Off-Nominal: Command Center decides to reroute traffic due to weather East of destination,,2,Phone,ATC,Tower - TMU,ATC,Last Center - TMU,Report change of runway configuration because of weather,,Report change of runway configuration because of weather,,,,,,no rule matched,
E-7#03,E-7,interaction,109,p.21,"Interactions Between Flightdeck, ATC and FOC During an Off-Nominal Event in the Cruise Phase of a Generic Flight.",off-nominal,Off-Nominal Event in the Cruise Phase,,Off-Nominal: Command Center decides to reroute traffic due to weather East of destination,,3,Phone,ATC,Tower - TMU,ATC,Approach - TMU,Report change of runway configuration because of weather,,Report change of runway configuration because of weather,,,,,,no rule matched,
E-7#04,E-7,interaction,109,p.21,"Interactions Between Flightdeck, ATC and FOC During an Off-Nominal Event in the Cruise Phase of a Generic Flight.",off-nominal,Off-Nominal Event in the Cruise Phase,,Off-Nominal: Command Center decides to reroute traffic due to weather East of destination,,4,Phone,ATC,Command Center - TMU,ATC,3rd to last Center - TMU,Recommend rerouting part of traffic via Center Y,,Recommend rerouting part of traffic via Center Y,,,,,,no rule matched,
E-7#05,E-7,interaction,109,p.21,"Interactions Between Flightdeck, ATC and FOC During an Off-Nominal Event in the Cruise Phase of a Generic Flight.",off-nominal,Off-Nominal Event in the Cruise Phase,,Off-Nominal: Command Center decides to reroute traffic due to weather East of destination,,5,Advisory,ATC,Command Center - TMU,FOC,ATC coordinator,Advise change of runway at destination and recommend rerouting via Center Y,,Advise change of runway at destination and recommend rerouting via Center Y,,,,,,no rule matched,
E-7#06,E-7,interaction,109,p.21,"Interactions Between Flightdeck, ATC and FOC During an Off-Nominal Event in the Cruise Phase of a Generic Flight.",off-nominal,Off-Nominal Event in the Cruise Phase,,Off-Nominal: Command Center decides to reroute traffic due to weather East of destination,,6,Phone,FOC,ATC coordinator,ATC,Command Center - TMU,Obtain specific information about delay and rerouting via Center Y,,Obtain specific information about delay and rerouting via Center Y,,,,,,no rule matched,
E-7#07,E-7,interaction,109,p.21,"Interactions Between Flightdeck, ATC and FOC During an Off-Nominal Event in the Cruise Phase of a Generic Flight.",off-nominal,Off-Nominal Event in the Cruise Phase,,Off-Nominal: Command Center decides to reroute traffic due to weather East of destination,,7,Interphone,FOC,ATC coordinator,FOC,Flight Dispatcher,Relay change of runway at destination and reroute via Center Y,,Relay change of runway at destination and reroute via Center Y,,,,,,,
E-7#08,E-7,interaction,109,p.21,"Interactions Between Flightdeck, ATC and FOC During an Off-Nominal Event in the Cruise Phase of a Generic Flight.",off-nominal,Off-Nominal Event in the Cruise Phase,,Off-Nominal: Command Center decides to reroute traffic due to weather East of destination,,8,ACARS,FOC,Flight Dispatcher,FD,Crew,Downlink fuel on board,,Downlink fuel on board,,,,,,,
E-7#09,E-7,interaction,109,p.21,"Interactions Between Flightdeck, ATC and FOC During an Off-Nominal Event in the Cruise Phase of a Generic Flight.",off-nominal,Off-Nominal Event in the Cruise Phase,,Off-Nominal: Command Center decides to reroute traffic due to weather East of destination,,9,Satcom,FOC,Flight Dispatcher,FD,Pilot Monitoring,Obtain fuel on board,If no ACARS,If no ACARS: Obtain fuel on board,,,,,,,
E-7#10,E-7,interaction,109,p.21,"Interactions Between Flightdeck, ATC and FOC During an Off-Nominal Event in the Cruise Phase of a Generic Flight.",off-nominal,Off-Nominal Event in the Cruise Phase,,Off-Nominal: Command Center decides to reroute traffic due to weather East of destination,,10,Computer,FOC,Flight Dispatcher,FOC,Computer,Compute reroute and alternative and ETA,,Compute reroute and alternative and ETA,,,,,,,
E-7#11,E-7,interaction,109,p.21,"Interactions Between Flightdeck, ATC and FOC During an Off-Nominal Event in the Cruise Phase of a Generic Flight.",off-nominal,Off-Nominal Event in the Cruise Phase,,Off-Nominal: Command Center decides to reroute traffic due to weather East of destination,,11,ACARS,FOC,Flight Dispatcher,FD,Crew,Update about weather east of destination and runway change at destination,,Update about weather east of destination and runway change at destination,,,,,,,
E-7#12,E-7,interaction,109,p.21,"Interactions Between Flightdeck, ATC and FOC During an Off-Nominal Event in the Cruise Phase of a Generic Flight.",off-nominal,Off-Nominal Event in the Cruise Phase,,Off-Nominal: Command Center decides to reroute traffic due to weather East of destination,,12,Satcom,FOC,Flight Dispatcher,FD,Pilot Monitoring,Inform about weather east of destination and runway change at destination,,Inform about weather east of destination and runway change at destination,,,,,,,
E-7#13,E-7,interaction,109,p.21,"Interactions Between Flightdeck, ATC and FOC During an Off-Nominal Event in the Cruise Phase of a Generic Flight.",off-nominal,Off-Nominal Event in the Cruise Phase,,Off-Nominal: Command Center decides to reroute traffic due to weather East of destination,,13,Satcom,FOC,Flight Dispatcher,FD,Pilot Monitoring,Coordinate on reroute via Center Y and alternative destination,,Coordinate on reroute via Center Y and alternative destination,,,,,,,
E-7#14,E-7,interaction,109,p.21,"Interactions Between Flightdeck, ATC and FOC During an Off-Nominal Event in the Cruise Phase of a Generic Flight.",off-nominal,Off-Nominal Event in the Cruise Phase,,Off-Nominal: Command Center decides to reroute traffic due to weather East of destination,,14,Host,FOC,Flight Dispatcher,ATC,3rd to last Center - RA,Release flight plan amendment for reroute,,Release flight plan amendment for reroute,,,,,,4-2-5 (PDF p.218); 2-2-11 (PDF p.60),
E-7#15,E-7,interaction,109,p.21,"Interactions Between Flightdeck, ATC and FOC During an Off-Nominal Event in the Cruise Phase of a Generic Flight.",off-nominal,Off-Nominal Event in the Cruise Phase,,Off-Nominal: Command Center decides to reroute traffic due to weather East of destination,,15,ACARS,FOC,Flight Dispatcher,FD,Crew,Uplink flight plan amendment for reroute,,Uplink flight plan amendment for reroute,,,,,,,
E-7#16,E-7,interaction,109,p.21,"Interactions Between Flightdeck, ATC and FOC During an Off-Nominal Event in the Cruise Phase of a Generic Flight.",off-nominal,Off-Nominal Event in the Cruise Phase,,Off-Nominal: Command Center decides to reroute traffic due to weather East of destination,,16,Radio,FD,Pilot Monitoring,ATC,3rd to last Center - RA,Request clearance of flight plan amendment for reroute,,Request clearance of flight plan amendment for reroute,,,,,,4-2-5 (PDF p.218); 2-2-11 (PDF p.60),subject group-inferred-from-position (source omits group)
E-7#17,E-7,interaction,109,p.21,"Interactions Between Flightdeck, ATC and FOC During an Off-Nominal Event in the Cruise Phase of a Generic Flight.",off-nominal,Off-Nominal Event in the Cruise Phase,,Off-Nominal: Command Center decides to reroute traffic due to weather East of destination,,17,Radio,ATC,3rd to last Center - RA,FD,Pilot Monitoring,Clear flight plan amendment for reroute,,Clear flight plan amendment for reroute,,,,,,4-2-5 (PDF p.218); 2-2-11 (PDF p.60),
E-7#18,E-7,interaction,109,p.21,"Interactions Between Flightdeck, ATC and FOC During an Off-Nominal Event in the Cruise Phase of a Generic Flight.",off-nominal,Off-Nominal Event in the Cruise Phase,,Off-Nominal: Command Center decides to reroute traffic due to weather East of destination,,18,Computer,FD,Pilot Monitoring,FOC,Computer,Compute Flight plan on FMS for reroute,,Compute Flight plan on FMS for reroute,,,,,,,
E-7#19,E-7,interaction,109,p.21,"Interactions Between Flightdeck, ATC and FOC During an Off-Nominal Event in the Cruise Phase of a Generic Flight.",off-nominal,Off-Nominal Event in the Cruise Phase,,Off-Nominal: Command Center decides to reroute traffic due to weather East of destination,,19,ACARS,FD,Pilot Monitoring,FOC,Flight Dispatcher,Downlink flight plan amendment for reroute,,Downlink flight plan amendment for reroute,,,,,,,
,E-7,gap,109,p.21,"Interactions Between Flightdeck, ATC and FOC During an Off-Nominal Event in the Cruise Phase of a Generic Flight.",mixed,Off-Nominal Event in the Cruise Phase,,Off-Nominal: Command Center decides to reroute traffic due to weather East of destination,,,,,,,,…,,…,,,,,,,time-gap marker (indeterminate lapse of time)
E-8#01,E-8,interaction,110,p.22,"Interactions Between Flightdeck, ATC and FOC During the Continuation of the Cruise Phase of a Generic Flight.",nominal,Continuation of the Cruise Phase,,,,1,Telcon,ATC,Command Center,FOC,ATC coordinator,"Report weather, rerouting and airport runway configuration at destination",,"Report weather, rerouting and airport runway configuration at destination",,,,,,no rule matched,
E-8#02,E-8,interaction,110,p.22,"Interactions Between Flightdeck, ATC and FOC During the Continuation of the Cruise Phase of a Generic Flight.",nominal,Continuation of the Cruise Phase,,,,2,Interphone,FOC,ATC coordinator,FOC,Flight Dispatcher,"Relay weather report, rerouting and airport runway configuration at destination",,"Relay weather report, rerouting and airport runway configuration at destination",,,,,,,
,E-8,gap,110,p.22,"Interactions Between Flightdeck, ATC and FOC During the Continuation of the Cruise Phase of a Generic Flight.",mixed,Continuation of the Cruise Phase,,,,,,,,,,…,,…,,,,,,,time-gap marker (indeterminate lapse of time)
E-8#03,E-8,interaction,110,p.22,"Interactions Between Flightdeck, ATC and FOC During the Continuation of the Cruise Phase of a Generic Flight.",nominal,Continuation of the Cruise Phase,,,,3,PVD,ATC,2nd to last Center - R,ATC,Last Center 1st Sector - RA,Initiate handoff,,Initiate handoff,,,,,,5-4-5 (PDF p.303); 5-4-6 (PDF p.304); 2-1-15 (PDF p.46),
E-8#04,E-8,interaction,110,p.22,"Interactions Between Flightdeck, ATC and FOC During the Continuation of the Cruise Phase of a Generic Flight.",nominal,Continuation of the Cruise Phase,,,,4,PVD,ATC,Last Center 1st Sector - RA,ATC,2nd to last Center - R,Accept handoff,,Accept handoff,,,,,,5-4-5 (PDF p.303); 5-4-6 (PDF p.304); 2-1-15 (PDF p.46),
E-8#05,E-8,interaction,110,p.22,"Interactions Between Flightdeck, ATC and FOC During the Continuation of the Cruise Phase of a Generic Flight.",nominal,Continuation of the Cruise Phase,,,,5,URET,ATC,Last Center 1st Sector - RA,ATC,Computer,Check STAR,,Check STAR,,,,,,no rule matched,
E-8#06,E-8,interaction,110,p.22,"Interactions Between Flightdeck, ATC and FOC During the Continuation of the Cruise Phase of a Generic Flight.",nominal,Continuation of the Cruise Phase,,,,6,PVD,ATC,Last Center 1st Sector - RA,ATC,Last Center last Sector - RA,Send datablock,,Send datablock,,,,,,5-4-5 (PDF p.303); 5-4-6 (PDF p.304); 2-1-15 (PDF p.46),
E-8#07,E-8,interaction,110,p.22,"Interactions Between Flightdeck, ATC and FOC During the Continuation of the Cruise Phase of a Generic Flight.",nominal,Continuation of the Cruise Phase,,,,7,PVD,ATC,Last Center 1st Sector - RA,ATC,Approach - RA,Send datablock,,Send datablock,,,,,,5-4-5 (PDF p.303); 5-4-6 (PDF p.304); 2-1-15 (PDF p.46),
E-8#08,E-8,interaction,110,p.22,"Interactions Between Flightdeck, ATC and FOC During the Continuation of the Cruise Phase of a Generic Flight.",nominal,Continuation of the Cruise Phase,,,,8,Radio,ATC,2nd to last Center - RC,FD,Pilot Monitoring,Request contact new frequency,,Request contact new frequency,,,,,,2-1-15 (PDF p.46); 2-4-1 (PDF p.79),
E-8#09,E-8,interaction,110,p.22,"Interactions Between Flightdeck, ATC and FOC During the Continuation of the Cruise Phase of a Generic Flight.",nominal,Continuation of the Cruise Phase,,,,9,Radio,FD,Pilot Monitoring,ATC,2nd to last Center - R,Read back change of frequency,,Read back change of frequency,,,,,,2-4-3 (PDF p.79); 2-1-15 (PDF p.46); 2-4-1 (PDF p.79),
E-8#10,E-8,interaction,110,p.22,"Interactions Between Flightdeck, ATC and FOC During the Continuation of the Cruise Phase of a Generic Flight.",nominal,Continuation of the Cruise Phase,,,,10,Radio,FD,Pilot Monitoring,ATC,Last Center First Sector - R,"Establish contact: Give ID, altitude and heading",,"Establish contact: Give ID, altitude and heading",,,,,,2-1-15 (PDF p.46); 2-4-1 (PDF p.79),
E-8#11,E-8,interaction,110,p.22,"Interactions Between Flightdeck, ATC and FOC During the Continuation of the Cruise Phase of a Generic Flight.",nominal,Continuation of the Cruise Phase,,,,11,Radio,ATC,Last Center First Sector - R,FD,Pilot Monitoring,"Read back ID, altitude and heading",,"Read back ID, altitude and heading",,,,,,2-4-3 (PDF p.79),
E-8#12,E-8,interaction,110,p.22,"Interactions Between Flightdeck, ATC and FOC During the Continuation of the Cruise Phase of a Generic Flight.",nominal,Continuation of the Cruise Phase,,,,12,Radio,ATC,Last Center First Sector - R,FD,Pilot Monitoring,Clear change of altitude and heading,,Clear change of altitude and heading,,,,,,no rule matched,
E-8#13,E-8,interaction,110,p.22,"Interactions Between Flightdeck, ATC and FOC During the Continuation of the Cruise Phase of a Generic Flight.",nominal,Continuation of the Cruise Phase,,,,13,Radio,FD,Pilot Monitoring,ATC,Last Center First Sector - R,Read back change of altitude and heading,,Read back change of altitude and heading,,,,,,2-4-3 (PDF p.79),
,E-8,gap,110,p.22,"Interactions Between Flightdeck, ATC and FOC During the Continuation of the Cruise Phase of a Generic Flight.",mixed,Continuation of the Cruise Phase,,,,,,,,,,…,,…,,,,,,,time-gap marker (indeterminate lapse of time)
E-8#14,E-8,interaction,110,p.22,"Interactions Between Flightdeck, ATC and FOC During the Continuation of the Cruise Phase of a Generic Flight.",nominal,Continuation of the Cruise Phase,,,,14,Radio,ATC,Last Center 2nd to last Sector - R,FD,Pilot Monitoring,Request contact new frequency,,Request contact new frequency,,,,,,2-1-15 (PDF p.46); 2-4-1 (PDF p.79),
E-8#15,E-8,interaction,110,p.22,"Interactions Between Flightdeck, ATC and FOC During the Continuation of the Cruise Phase of a Generic Flight.",nominal,Continuation of the Cruise Phase,,,,15,Radio,FD,Pilot Monitoring,ATC,Last Center 2nd to last Sector - R,Read back change of frequency,,Read back change of frequency,,,,,,2-4-3 (PDF p.79); 2-1-15 (PDF p.46); 2-4-1 (PDF p.79),
E-8#16,E-8,interaction,110,p.22,"Interactions Between Flightdeck, ATC and FOC During the Continuation of the Cruise Phase of a Generic Flight.",nominal,Continuation of the Cruise Phase,,,,16,Radio,FD,Pilot Monitoring,ATC,Last Center last Sector - R,"Establish contact: Give ID, altitude and heading",,"Establish contact: Give ID, altitude and heading",,,,,,2-1-15 (PDF p.46); 2-4-1 (PDF p.79),
E-8#17,E-8,interaction,110,p.22,"Interactions Between Flightdeck, ATC and FOC During the Continuation of the Cruise Phase of a Generic Flight.",nominal,Continuation of the Cruise Phase,,,,17,Radio,ATC,Last Center last Sector - R,FD,Pilot Monitoring,"Read back ID, altitude and heading",,"Read back ID, altitude and heading",,,,,,2-4-3 (PDF p.79),
E-8#18,E-8,interaction,110,p.22,"Interactions Between Flightdeck, ATC and FOC During the Continuation of the Cruise Phase of a Generic Flight.",nominal,Continuation of the Cruise Phase,,,,18,Radio,ATC,Last Center last Sector - R,FD,Pilot Monitoring,Clear change of altitude,,Clear change of altitude,,,,,,no rule matched,
E-8#19,E-8,interaction,110,p.22,"Interactions Between Flightdeck, ATC and FOC During the Continuation of the Cruise Phase of a Generic Flight.",nominal,Continuation of the Cruise Phase,,,,19,Radio,FD,Pilot Monitoring,ATC,Last Center last Sector - R,Read back change of altitude,,Read back change of altitude,,,,,,2-4-3 (PDF p.79),
,E-9,header,111,p.23,"Interactions Between Flightdeck, ATC and FOC During an Off-Nominal Event in the Cruise Phase of a Generic Flight.",mixed,,,Off-Nominal: Holding,off-nominal event,,,,,,,Off-Nominal: Holding,,,,,,,,,
E-9#01,E-9,interaction,111,p.23,"Interactions Between Flightdeck, ATC and FOC During an Off-Nominal Event in the Cruise Phase of a Generic Flight.",off-nominal,Off-Nominal Event in the Cruise Phase,,Off-Nominal: Holding,,1,Interphone,ATC,Approach - RA,ATC,Last Center last Sector - RA,Request to hold flights,,Request to hold flights,,,,,,no rule matched,
E-9#02,E-9,interaction,111,p.23,"Interactions Between Flightdeck, ATC and FOC During an Off-Nominal Event in the Cruise Phase of a Generic Flight.",off-nominal,Off-Nominal Event in the Cruise Phase,,Off-Nominal: Holding,,2,Interphone,ATC,Last Center last Sector - R,ATC,Approach - RA,Agree to hold flights,,Agree to hold flights,,,,,,no rule matched,
E-9#03,E-9,interaction,111,p.23,"Interactions Between Flightdeck, ATC and FOC During an Off-Nominal Event in the Cruise Phase of a Generic Flight.",off-nominal,Off-Nominal Event in the Cruise Phase,,Off-Nominal: Holding,,3,Radio,ATC,Last Center last Sector - R,FD,Pilot Monitoring,Instruct about holding pattern,,Instruct about holding pattern,,,,,,4-6-1 (PDF p.253); 4-6-4 (PDF p.255),
E-9#04,E-9,interaction,111,p.23,"Interactions Between Flightdeck, ATC and FOC During an Off-Nominal Event in the Cruise Phase of a Generic Flight.",off-nominal,Off-Nominal Event in the Cruise Phase,,Off-Nominal: Holding,,4,Radio,FD,Pilot Monitoring,ATC,Last Center last Sector - R,Read back holding,,Read back holding,,,,,,2-4-3 (PDF p.79); 4-6-1 (PDF p.253); 4-6-4 (PDF p.255),
E-9#05,E-9,interaction,111,p.23,"Interactions Between Flightdeck, ATC and FOC During an Off-Nominal Event in the Cruise Phase of a Generic Flight.",off-nominal,Off-Nominal Event in the Cruise Phase,,Off-Nominal: Holding,,5,Radio,FD,Pilot Monitoring,ATC,Last Center last Sector - R,Notify publication for holding pattern,,Notify publication for holding pattern,,,,,,4-6-1 (PDF p.253); 4-6-4 (PDF p.255),
E-9#06,E-9,interaction,111,p.23,"Interactions Between Flightdeck, ATC and FOC During an Off-Nominal Event in the Cruise Phase of a Generic Flight.",off-nominal,Off-Nominal Event in the Cruise Phase,,Off-Nominal: Holding,,6,ACARS,FD,Pilot Monitoring,FOC,Flight Dispatcher,Report holding and fuel remaining,,Report holding and fuel remaining,,,,,,,
E-9#07,E-9,interaction,111,p.23,"Interactions Between Flightdeck, ATC and FOC During an Off-Nominal Event in the Cruise Phase of a Generic Flight.",off-nominal,Off-Nominal Event in the Cruise Phase,,Off-Nominal: Holding,,7,ACARS,FOC,Flight Dispatcher,FD,Pilot Monitoring,Confirm information on holding,,Confirm information on holding,,,,,,,
E-9#08,E-9,interaction,111,p.23,"Interactions Between Flightdeck, ATC and FOC During an Off-Nominal Event in the Cruise Phase of a Generic Flight.",off-nominal,Off-Nominal Event in the Cruise Phase,,Off-Nominal: Holding,,8,ACARS,FOC,Flight Dispatcher,FD,FMS,Downloads fuel levels,,Downloads fuel levels,,,,,,,
E-9#09,E-9,interaction,111,p.23,"Interactions Between Flightdeck, ATC and FOC During an Off-Nominal Event in the Cruise Phase of a Generic Flight.",off-nominal,Off-Nominal Event in the Cruise Phase,,Off-Nominal: Holding,,9,Computer,FOC,Flight Dispatcher,FOC,Computer,Check remaining fuel and planned fuel,,Check remaining fuel and planned fuel,,,,,,,
E-9#10,E-9,interaction,111,p.23,"Interactions Between Flightdeck, ATC and FOC During an Off-Nominal Event in the Cruise Phase of a Generic Flight.",off-nominal,Off-Nominal Event in the Cruise Phase,,Off-Nominal: Holding,,10,Radio,ATC,Last Center last Sector - R,FD,Pilot Monitoring,"Clear to fix, hold as published",,"Clear to fix, hold as published",,,,,,no rule matched,
E-9#11,E-9,interaction,111,p.23,"Interactions Between Flightdeck, ATC and FOC During an Off-Nominal Event in the Cruise Phase of a Generic Flight.",off-nominal,Off-Nominal Event in the Cruise Phase,,Off-Nominal: Holding,,11,Radio,ATC,Last Center last Sector - R,FD,Pilot Monitoring,Instruct about Expected Further Clearance,If applicable,If applicable: Instruct about Expected Further Clearance,,,,,,no rule matched,
E-9#12,E-9,interaction,111,p.23,"Interactions Between Flightdeck, ATC and FOC During an Off-Nominal Event in the Cruise Phase of a Generic Flight.",off-nominal,Off-Nominal Event in the Cruise Phase,,Off-Nominal: Holding,,12,Radio,FD,Pilot Monitoring,ATC,Last Center last Sector - R,Read back holding instructions and Expected Further Clearance,,Read back holding instructions and Expected Further Clearance,,,,,,2-4-3 (PDF p.79); 4-6-1 (PDF p.253); 4-6-4 (PDF p.255),
E-9#13,E-9,interaction,111,p.23,"Interactions Between Flightdeck, ATC and FOC During an Off-Nominal Event in the Cruise Phase of a Generic Flight.",off-nominal,Off-Nominal Event in the Cruise Phase,,Off-Nominal: Holding,,13,Radio,FD,Pilot Monitoring,ATC,Last Center last Sector - R,Report start holding,,Report start holding,,,,,,4-6-1 (PDF p.253); 4-6-4 (PDF p.255),
E-9#14,E-9,interaction,111,p.23,"Interactions Between Flightdeck, ATC and FOC During an Off-Nominal Event in the Cruise Phase of a Generic Flight.",off-nominal,Off-Nominal Event in the Cruise Phase,,Off-Nominal: Holding,,14,Radio,ATC,Last Center last Sector - R,FD,Pilot Monitoring,Acknowledge start holding,,Acknowledge start holding,,,,,,4-6-1 (PDF p.253); 4-6-4 (PDF p.255),
E-9#15,E-9,interaction,111,p.23,"Interactions Between Flightdeck, ATC and FOC During an Off-Nominal Event in the Cruise Phase of a Generic Flight.",off-nominal,Off-Nominal Event in the Cruise Phase,,Off-Nominal: Holding,,15,Phone,ATC,Approach - RA,ATC,Last Center last Sector - R,Advise hold release (clear to continue),,Advise hold release (clear to continue),,,,,,no rule matched,
E-9#16,E-9,interaction,111,p.23,"Interactions Between Flightdeck, ATC and FOC During an Off-Nominal Event in the Cruise Phase of a Generic Flight.",off-nominal,Off-Nominal Event in the Cruise Phase,,Off-Nominal: Holding,,16,Phone,ATC,Last Center last Sector - R,ATC,Approach - RA,Agree on hold release,,Agree on hold release,,,,,,no rule matched,
E-9#17,E-9,interaction,111,p.23,"Interactions Between Flightdeck, ATC and FOC During an Off-Nominal Event in the Cruise Phase of a Generic Flight.",off-nominal,Off-Nominal Event in the Cruise Phase,,Off-Nominal: Holding,,17,Radio,ATC,Last Center last Sector - R,FD,Pilot Monitoring,Clear to continue via cleared routing,,Clear to continue via cleared routing,,,,,,no rule matched,
E-9#18,E-9,interaction,111,p.23,"Interactions Between Flightdeck, ATC and FOC During an Off-Nominal Event in the Cruise Phase of a Generic Flight.",off-nominal,Off-Nominal Event in the Cruise Phase,,Off-Nominal: Holding,,18,Radio,FD,Pilot Monitoring,ATC,Last Center last Sector - R,Read back clearance to continue via cleared routing,,Read back clearance to continue via cleared routing,,,,,,2-4-3 (PDF p.79),
,E-10,header,112,p.24,"Interactions Between Flightdeck, ATC and FOC During the Descent Phase of a Generic Flight.",mixed,Descent,,,phase,,,,,,,Descent,,,,,,,,,
E-10#01,E-10,interaction,112,p.24,"Interactions Between Flightdeck, ATC and FOC During the Descent Phase of a Generic Flight.",nominal,Descent,,,,1,Face-to-Face,ATC,Approach - R,ATC,Last Center last Sector - RA,Request reduce speed incoming aircrafts,If applicable,If applicable: Request reduce speed incoming aircrafts,,,,,,no rule matched,
E-10#02,E-10,interaction,112,p.24,"Interactions Between Flightdeck, ATC and FOC During the Descent Phase of a Generic Flight.",nominal,Descent,,,,2,Phone,ATC,Approach - RA,ATC,Last Center last Sector - RA,Request slow down,If applicable,If applicable: Request slow down,,,,,,no rule matched,
E-10#03,E-10,interaction,112,p.24,"Interactions Between Flightdeck, ATC and FOC During the Descent Phase of a Generic Flight.",nominal,Descent,,,,3,Phone,ATC,Last Center last Sector - RA,ATC,Approach - R,Agree slow down,If applicable,If applicable: Agree slow down,,,,,,no rule matched,
E-10#04,E-10,interaction,112,p.24,"Interactions Between Flightdeck, ATC and FOC During the Descent Phase of a Generic Flight.",nominal,Descent,,,,4,Radio,ATC,Last Center last Sector - R,FD,Pilot Monitoring,Clear to lower speed,If applicable,If applicable: Clear to lower speed,,,,,,no rule matched,
E-10#05,E-10,interaction,112,p.24,"Interactions Between Flightdeck, ATC and FOC During the Descent Phase of a Generic Flight.",nominal,Descent,,,,5,Radio,FD,Pilot Monitoring,ATC,Last Center last Sector - R,Read back change of speed,,Read back change of speed,,,,,,2-4-3 (PDF p.79),
E-10#06,E-10,interaction,112,p.24,"Interactions Between Flightdeck, ATC and FOC During the Descent Phase of a Generic Flight.",nominal,Descent,,,,6,Radio,ATC,Last Center last Sector - R,FD,Pilot Monitoring,Clear change of altitude and heading,,Clear change of altitude and heading,,,,,,no rule matched,
E-10#07,E-10,interaction,112,p.24,"Interactions Between Flightdeck, ATC and FOC During the Descent Phase of a Generic Flight.",nominal,Descent,,,,7,Radio,FD,Pilot Monitoring,ATC,Last Center last Sector - R,Read back change of altitude and heading,,Read back change of altitude and heading,,,,,,2-4-3 (PDF p.79),
E-10#08,E-10,interaction,112,p.24,"Interactions Between Flightdeck, ATC and FOC During the Descent Phase of a Generic Flight.",nominal,Descent,,,,8,Radio,ATC,Last Center last Sector - R,FD,Pilot Monitoring,Request contact new frequency,,Request contact new frequency,,,,,,2-1-15 (PDF p.46); 2-4-1 (PDF p.79),
E-10#09,E-10,interaction,112,p.24,"Interactions Between Flightdeck, ATC and FOC During the Descent Phase of a Generic Flight.",nominal,Descent,,,,9,Radio,FD,Pilot Monitoring,ATC,Last Center last Sector - R,Read back change of frequency,,Read back change of frequency,,,,,,2-4-3 (PDF p.79); 2-1-15 (PDF p.46); 2-4-1 (PDF p.79),
E-10#10,E-10,interaction,112,p.24,"Interactions Between Flightdeck, ATC and FOC During the Descent Phase of a Generic Flight.",nominal,Descent,,,,10,PVD,ATC,Last Center last Sector - R,ATC,Approach - RA,Request handoff,,Request handoff,,,,,,5-4-5 (PDF p.303); 5-4-6 (PDF p.304); 2-1-15 (PDF p.46),
E-10#11,E-10,interaction,112,p.24,"Interactions Between Flightdeck, ATC and FOC During the Descent Phase of a Generic Flight.",nominal,Descent,,,,11,PVD,ATC,Approach - RA,ATC,Last Center last Sector - R,Accept handoff,,Accept handoff,,,,,,5-4-5 (PDF p.303); 5-4-6 (PDF p.304); 2-1-15 (PDF p.46),
E-10#12,E-10,interaction,112,p.24,"Interactions Between Flightdeck, ATC and FOC During the Descent Phase of a Generic Flight.",nominal,Descent,,,,12,URET,ATC,Approach - RA,ATC,Computer,Check if STAR is correct,,Check if STAR is correct,,,,,,no rule matched,
E-10#13,E-10,interaction,112,p.24,"Interactions Between Flightdeck, ATC and FOC During the Descent Phase of a Generic Flight.",nominal,Descent,,,,13,ACARS,FD,Pilot Monitoring,RAMP,Ground,Notify in-range call,,Notify in-range call,,,,,,,
E-10#14,E-10,interaction,112,p.24,"Interactions Between Flightdeck, ATC and FOC During the Descent Phase of a Generic Flight.",nominal,Descent,,,,14,ACARS,RAMP,Ground,FD,Pilot Monitoring,Uplink arrival gate assignment and ground power unit status,,Uplink arrival gate assignment and ground power unit status,,,,,,,
,E-10,header,112,p.24,"Interactions Between Flightdeck, ATC and FOC During the Descent Phase of a Generic Flight.",mixed,,Approach,,sub-step,,,,,,,Approach,,,,,,,,,
E-10#15,E-10,interaction,112,p.24,"Interactions Between Flightdeck, ATC and FOC During the Descent Phase of a Generic Flight.",nominal,Descent,Approach,,,15,Radio,FD,Pilot Monitoring,ATC,Approach - R,"Establish contact: Give ID, altitude leaving and assigned and heading",,"Establish contact: Give ID, altitude leaving and assigned and heading",,,,,,2-1-15 (PDF p.46); 2-4-1 (PDF p.79),
E-10#16,E-10,interaction,112,p.24,"Interactions Between Flightdeck, ATC and FOC During the Descent Phase of a Generic Flight.",nominal,Descent,Approach,,,16,Radio,ATC,Approach - R,FD,Pilot Monitoring,"Read back ID, altitude assigned, heading",,"Read back ID, altitude assigned, heading",,,,,,2-4-3 (PDF p.79),
E-10#17,E-10,interaction,112,p.24,"Interactions Between Flightdeck, ATC and FOC During the Descent Phase of a Generic Flight.",nominal,Descent,Approach,,,17,Radio,FD,Pilot Monitoring,ATC,Approach - R,"Advise approach, runway, ATIS information",,"Advise approach, runway, ATIS information",,,,,,2-9-2 (PDF p.111); 2-9-3 (PDF p.112),
E-10#18,E-10,interaction,112,p.24,"Interactions Between Flightdeck, ATC and FOC During the Descent Phase of a Generic Flight.",nominal,Descent,Approach,,,18,Radio,ATC,Approach - R,FD,Pilot Monitoring,"Read back approach, runway, and ATIS",,"Read back approach, runway, and ATIS",,,,,,2-4-3 (PDF p.79); 2-9-2 (PDF p.111); 2-9-3 (PDF p.112),
E-10#19,E-10,interaction,112,p.24,"Interactions Between Flightdeck, ATC and FOC During the Descent Phase of a Generic Flight.",nominal,Descent,Approach,,,19,ACARS,FD,ACARS,FOC,Flight Dispatcher,Report Expected Time of Arrival report (automated report),,Report Expected Time of Arrival report (automated report),,,,,,,
E-10#20,E-10,interaction,112,p.24,"Interactions Between Flightdeck, ATC and FOC During the Descent Phase of a Generic Flight.",nominal,Descent,Approach,,,20,Radio,ATC,Approach - R,FD,Pilot Monitoring,Clear to lower altitude,,Clear to lower altitude,,,,,,no rule matched,
E-10#21,E-10,interaction,112,p.24,"Interactions Between Flightdeck, ATC and FOC During the Descent Phase of a Generic Flight.",nominal,Descent,Approach,,,21,Radio,FD,Pilot Monitoring,ATC,Approach - R,Read back change of altitude,,Read back change of altitude,,,,,,2-4-3 (PDF p.79),
E-10#22,E-10,interaction,112,p.24,"Interactions Between Flightdeck, ATC and FOC During the Descent Phase of a Generic Flight.",nominal,Descent,Approach,,,22,Radio,ATC,Approach - R,FD,Pilot Monitoring,Request contact new frequency,,Request contact new frequency,,,,,,2-1-15 (PDF p.46); 2-4-1 (PDF p.79),
E-10#23,E-10,interaction,112,p.24,"Interactions Between Flightdeck, ATC and FOC During the Descent Phase of a Generic Flight.",nominal,Descent,Approach,,,23,Radio,FD,Pilot Monitoring,ATC,Approach - R,Read back change of frequency,,Read back change of frequency,,,,,,2-4-3 (PDF p.79); 2-1-15 (PDF p.46); 2-4-1 (PDF p.79),
,E-11,header,113,p.25,"Interactions Between Flightdeck, ATC and FOC During the Final Approach Phase of a Generic Flight.",mixed,Final approach,,,phase,,,,,,,Final approach,,,,,,,,,
E-11#01,E-11,interaction,113,p.25,"Interactions Between Flightdeck, ATC and FOC During the Final Approach Phase of a Generic Flight.",nominal,Final approach,,,,1,Radio,FD,Captain,ATC,Final Approach - R,"Establish contact: Give ID, altitude leaving and assigned, and heading",,"Establish contact: Give ID, altitude leaving and assigned, and heading",,,,,,2-1-15 (PDF p.46); 2-4-1 (PDF p.79),
E-11#02,E-11,interaction,113,p.25,"Interactions Between Flightdeck, ATC and FOC During the Final Approach Phase of a Generic Flight.",nominal,Final approach,,,,2,Radio,ATC,Final Approach - R,FD,Captain,"Read back ID, altitude assigned, heading",,"Read back ID, altitude assigned, heading",,,,,,2-4-3 (PDF p.79),
E-11#03,E-11,interaction,113,p.25,"Interactions Between Flightdeck, ATC and FOC During the Final Approach Phase of a Generic Flight.",nominal,Final approach,,,,3,Radio,FD,Captain,ATC,Final Approach - R,"Advise approach, runway, ATIS information",,"Advise approach, runway, ATIS information",,,,,,2-9-2 (PDF p.111); 2-9-3 (PDF p.112),
E-11#04,E-11,interaction,113,p.25,"Interactions Between Flightdeck, ATC and FOC During the Final Approach Phase of a Generic Flight.",nominal,Final approach,,,,4,Radio,ATC,Final Approach - R,FD,Captain,"Read back approach, runway, and ATIS",,"Read back approach, runway, and ATIS",,,,,,2-4-3 (PDF p.79); 2-9-2 (PDF p.111); 2-9-3 (PDF p.112),
E-11#05,E-11,interaction,113,p.25,"Interactions Between Flightdeck, ATC and FOC During the Final Approach Phase of a Generic Flight.",nominal,Final approach,,,,5,Radio,ATC,Final Approach - R,FD,Captain,Clear approach and runway,,Clear approach and runway,,,,,,4-8-1 (PDF p.265),
E-11#06,E-11,interaction,113,p.25,"Interactions Between Flightdeck, ATC and FOC During the Final Approach Phase of a Generic Flight.",nominal,Final approach,,,,6,Radio,ATC,Final Approach - R,FD,Captain,Clear lower altitude and new heading,If applicable,If applicable: Clear lower altitude and new heading,,,,,,no rule matched,
E-11#07,E-11,interaction,113,p.25,"Interactions Between Flightdeck, ATC and FOC During the Final Approach Phase of a Generic Flight.",nominal,Final approach,,,,7,Radio,FD,Captain,ATC,Final Approach - R,Read back changes of altitude and heading,If applicable,If applicable: Read back changes of altitude and heading,,,,,,2-4-3 (PDF p.79),
E-11#08,E-11,interaction,113,p.25,"Interactions Between Flightdeck, ATC and FOC During the Final Approach Phase of a Generic Flight.",nominal,Final approach,,,,8,Radio,ATC,Final Approach - R,FD,Captain,Clear lower altitude and speed,,Clear lower altitude and speed,,,,,,no rule matched,
E-11#09,E-11,interaction,113,p.25,"Interactions Between Flightdeck, ATC and FOC During the Final Approach Phase of a Generic Flight.",nominal,Final approach,,,,9,Radio,FD,Captain,ATC,Final Approach - R,Read back lower altitude and speed,,Read back lower altitude and speed,,,,,,2-4-3 (PDF p.79),
E-11#10,E-11,interaction,113,p.25,"Interactions Between Flightdeck, ATC and FOC During the Final Approach Phase of a Generic Flight.",nominal,Final approach,,,,10,Radio,FD,Captain,ATC,Final Approach - R,Inform request for visual approach,If applicable,If applicable: Inform request for visual approach,,,,,,no rule matched,
E-11#11,E-11,interaction,113,p.25,"Interactions Between Flightdeck, ATC and FOC During the Final Approach Phase of a Generic Flight.",nominal,Final approach,,,,11,Radio,ATC,Final Approach - R,FD,Captain,Clear visual approach,If applicable,If applicable: Clear visual approach,,,,,,4-8-1 (PDF p.265),
E-11#12,E-11,interaction,113,p.25,"Interactions Between Flightdeck, ATC and FOC During the Final Approach Phase of a Generic Flight.",nominal,Final approach,,,,12,Radio,ATC,Final Approach - R,FD,Captain,Advise traffic,If applicable,If applicable: Advise traffic,,,,,,no rule matched,
E-11#13,E-11,interaction,113,p.25,"Interactions Between Flightdeck, ATC and FOC During the Final Approach Phase of a Generic Flight.",nominal,Final approach,,,,13,Radio,FD,Captain,ATC,Final Approach - R,Read back,If applicable,If applicable: Read back,,,,,,2-4-3 (PDF p.79),
E-11#14,E-11,interaction,113,p.25,"Interactions Between Flightdeck, ATC and FOC During the Final Approach Phase of a Generic Flight.",nominal,Final approach,,,,14,Radio,FD,Captain,ATC,Final Approach - R,Report traffic in sight,If applicable,If applicable: Report traffic in sight,,,,,,2-1-21 (PDF p.50),
E-11#15,E-11,interaction,113,p.25,"Interactions Between Flightdeck, ATC and FOC During the Final Approach Phase of a Generic Flight.",nominal,Final approach,,,,15,Radio,ATC,Final Approach - R,FD,Captain,Request contact new frequency,,Request contact new frequency,,,,,,2-1-15 (PDF p.46); 2-4-1 (PDF p.79),
E-11#16,E-11,interaction,113,p.25,"Interactions Between Flightdeck, ATC and FOC During the Final Approach Phase of a Generic Flight.",nominal,Final approach,,,,16,Radio,FD,Captain,ATC,Final Approach - R,Read back change of frequency,,Read back change of frequency,,,,,,2-4-3 (PDF p.79); 2-1-15 (PDF p.46); 2-4-1 (PDF p.79),
E-11#17,E-11,interaction,113,p.25,"Interactions Between Flightdeck, ATC and FOC During the Final Approach Phase of a Generic Flight.",nominal,Final approach,,,,17,Radio,FD,Captain,ATC,Tower - LC,"Establish contact: Give ID, altitude, and location",,"Establish contact: Give ID, altitude, and location",,,,,,2-1-15 (PDF p.46); 2-4-1 (PDF p.79),
E-11#18,E-11,interaction,113,p.25,"Interactions Between Flightdeck, ATC and FOC During the Final Approach Phase of a Generic Flight.",nominal,Final approach,,,,18,Radio,FD,Captain,ATC,Tower - LC,Request clearance for runway (final approach clearance),,Request clearance for runway (final approach clearance),,,,,,4-8-1 (PDF p.265),
E-11#19,E-11,interaction,113,p.25,"Interactions Between Flightdeck, ATC and FOC During the Final Approach Phase of a Generic Flight.",nominal,Final approach,,,,19,Radio,FD,Captain,ATC,Tower - LC,Request wind condition,,Request wind condition,,,,,,no rule matched,
,E-12,header,114,p.26,"Interactions Between Flightdeck, ATC and FOC During an Off-Nominal Event in the Final Approach Phase of a Generic Flight.",mixed,,,Off-Nominal: Missed approach,off-nominal event,,,,,,,Off-Nominal: Missed approach,,,,,,,,,
E-12#01,E-12,interaction,114,p.26,"Interactions Between Flightdeck, ATC and FOC During an Off-Nominal Event in the Final Approach Phase of a Generic Flight.",off-nominal,Off-Nominal Event in the Final Approach Phase,,Off-Nominal: Missed approach,,1,Radio,ATC,Tower - LC,FD,Captain,Read back ID,,Read back ID,,,,,,2-4-3 (PDF p.79),
E-12#02,E-12,interaction,114,p.26,"Interactions Between Flightdeck, ATC and FOC During an Off-Nominal Event in the Final Approach Phase of a Generic Flight.",off-nominal,Off-Nominal Event in the Final Approach Phase,,Off-Nominal: Missed approach,,2,Radio,ATC,Tower - LC,FD,Captain,"Instruct go-around, and clear new altitude and heading",,"Instruct go-around, and clear new altitude and heading",,,,,,4-8-9 (PDF p.274),
E-12#03,E-12,interaction,114,p.26,"Interactions Between Flightdeck, ATC and FOC During an Off-Nominal Event in the Final Approach Phase of a Generic Flight.",off-nominal,Off-Nominal Event in the Final Approach Phase,,Off-Nominal: Missed approach,,3,Radio,FD,Captain,ATC,Tower - LC,"Read back go-around, altitude assigned and heading",,"Read back go-around, altitude assigned and heading",,,,,,2-4-3 (PDF p.79); 4-8-9 (PDF p.274),
E-12#04,E-12,interaction,114,p.26,"Interactions Between Flightdeck, ATC and FOC During an Off-Nominal Event in the Final Approach Phase of a Generic Flight.",off-nominal,Off-Nominal Event in the Final Approach Phase,,Off-Nominal: Missed approach,,4,Interphone,ATC,Tower - LC,ATC,Departure - RA,Notify go-around,,Notify go-around,,,,,,4-8-9 (PDF p.274),
E-12#05,E-12,interaction,114,p.26,"Interactions Between Flightdeck, ATC and FOC During an Off-Nominal Event in the Final Approach Phase of a Generic Flight.",off-nominal,Off-Nominal Event in the Final Approach Phase,,Off-Nominal: Missed approach,,5,Interphone,ATC,Departure - RA,ATC,Tower - LC,Approve go-around procedure,,Approve go-around procedure,,,,,,4-8-9 (PDF p.274),
E-12#06,E-12,interaction,114,p.26,"Interactions Between Flightdeck, ATC and FOC During an Off-Nominal Event in the Final Approach Phase of a Generic Flight.",off-nominal,Off-Nominal Event in the Final Approach Phase,,Off-Nominal: Missed approach,,6,Face-to-Face,ATC,Departure - RA,ATC,Departure - R,Report go-around,,Report go-around,,,,,,4-8-9 (PDF p.274),
E-12#07,E-12,interaction,114,p.26,"Interactions Between Flightdeck, ATC and FOC During an Off-Nominal Event in the Final Approach Phase of a Generic Flight.",off-nominal,Off-Nominal Event in the Final Approach Phase,,Off-Nominal: Missed approach,,7,PVD,ATC,Departure - RA,ATC,Computer,Reactivate datablock,,Reactivate datablock,,,,,,5-4-5 (PDF p.303); 5-4-6 (PDF p.304); 2-1-15 (PDF p.46),
E-12#08,E-12,interaction,114,p.26,"Interactions Between Flightdeck, ATC and FOC During an Off-Nominal Event in the Final Approach Phase of a Generic Flight.",off-nominal,Off-Nominal Event in the Final Approach Phase,,Off-Nominal: Missed approach,,8,PVD,ATC,Departure - RA,ATC,Approach - R,Send datablock,,Send datablock,,,,,,5-4-5 (PDF p.303); 5-4-6 (PDF p.304); 2-1-15 (PDF p.46),
E-12#09,E-12,interaction,114,p.26,"Interactions Between Flightdeck, ATC and FOC During an Off-Nominal Event in the Final Approach Phase of a Generic Flight.",off-nominal,Off-Nominal Event in the Final Approach Phase,,Off-Nominal: Missed approach,,9,PVD,ATC,Departure - RA,ATC,Final Approach - R,Send datablock,,Send datablock,,,,,,5-4-5 (PDF p.303); 5-4-6 (PDF p.304); 2-1-15 (PDF p.46),
E-12#10,E-12,interaction,114,p.26,"Interactions Between Flightdeck, ATC and FOC During an Off-Nominal Event in the Final Approach Phase of a Generic Flight.",off-nominal,Off-Nominal Event in the Final Approach Phase,,Off-Nominal: Missed approach,,10,Interphone,ATC,Approach - RA,ATC,Departure - R,Request follow given aircraft,,Request follow given aircraft,,,,,,no rule matched,
E-12#11,E-12,interaction,114,p.26,"Interactions Between Flightdeck, ATC and FOC During an Off-Nominal Event in the Final Approach Phase of a Generic Flight.",off-nominal,Off-Nominal Event in the Final Approach Phase,,Off-Nominal: Missed approach,,11,Interphone,ATC,Departure - RA,ATC,Final Approach - R,Relay go around and procedure,,Relay go around and procedure,,,,,,4-8-9 (PDF p.274),
E-12#12,E-12,interaction,114,p.26,"Interactions Between Flightdeck, ATC and FOC During an Off-Nominal Event in the Final Approach Phase of a Generic Flight.",off-nominal,Off-Nominal Event in the Final Approach Phase,,Off-Nominal: Missed approach,,12,Radio,FD,Captain,ATC,Departure - R,"Establish contact: Give ID, altitude assigned and heading",,"Establish contact: Give ID, altitude assigned and heading",,,,,,2-1-15 (PDF p.46); 2-4-1 (PDF p.79),
E-12#13,E-12,interaction,114,p.26,"Interactions Between Flightdeck, ATC and FOC During an Off-Nominal Event in the Final Approach Phase of a Generic Flight.",off-nominal,Off-Nominal Event in the Final Approach Phase,,Off-Nominal: Missed approach,,13,Radio,ATC,Departure - R,FD,Captain,"Read back ID, altitude assigned, heading",,"Read back ID, altitude assigned, heading",,,,,,2-4-3 (PDF p.79),
E-12#14,E-12,interaction,114,p.26,"Interactions Between Flightdeck, ATC and FOC During an Off-Nominal Event in the Final Approach Phase of a Generic Flight.",off-nominal,Off-Nominal Event in the Final Approach Phase,,Off-Nominal: Missed approach,,14,Radio,ATC,Departure - R,FD,Captain,Clear new altitude and heading,,Clear new altitude and heading,,,,,,no rule matched,
E-12#15,E-12,interaction,114,p.26,"Interactions Between Flightdeck, ATC and FOC During an Off-Nominal Event in the Final Approach Phase of a Generic Flight.",off-nominal,Off-Nominal Event in the Final Approach Phase,,Off-Nominal: Missed approach,,15,Radio,ATC,Departure - R,FD,Captain,Clear speed limit,If applicable,If applicable: Clear speed limit,,,,,,no rule matched,
E-12#16,E-12,interaction,114,p.26,"Interactions Between Flightdeck, ATC and FOC During an Off-Nominal Event in the Final Approach Phase of a Generic Flight.",off-nominal,Off-Nominal Event in the Final Approach Phase,,Off-Nominal: Missed approach,,16,Radio,FD,Captain,ATC,Departure - R,Read back speed limit,If applicable,If applicable: Read back speed limit,,,,,,2-4-3 (PDF p.79),subject group-inferred-from-position (source omits group)
E-12#17,E-12,interaction,114,p.26,"Interactions Between Flightdeck, ATC and FOC During an Off-Nominal Event in the Final Approach Phase of a Generic Flight.",off-nominal,Off-Nominal Event in the Final Approach Phase,,Off-Nominal: Missed approach,,17,PVD,ATC,Departure - RA,ATC,Final Approach - R,Request handoff,,Request handoff,,,,,,5-4-5 (PDF p.303); 5-4-6 (PDF p.304); 2-1-15 (PDF p.46),
E-12#18,E-12,interaction,114,p.26,"Interactions Between Flightdeck, ATC and FOC During an Off-Nominal Event in the Final Approach Phase of a Generic Flight.",off-nominal,Off-Nominal Event in the Final Approach Phase,,Off-Nominal: Missed approach,,18,PVD,ATC,Final Approach - R,ATC,Departure - RA,Accept handoff,,Accept handoff,,,,,,5-4-5 (PDF p.303); 5-4-6 (PDF p.304); 2-1-15 (PDF p.46),
E-12#19,E-12,interaction,114,p.26,"Interactions Between Flightdeck, ATC and FOC During an Off-Nominal Event in the Final Approach Phase of a Generic Flight.",off-nominal,Off-Nominal Event in the Final Approach Phase,,Off-Nominal: Missed approach,,19,Radio,ATC,Departure - R,FD,Captain,Request contact new frequency,,Request contact new frequency,,,,,,2-1-15 (PDF p.46); 2-4-1 (PDF p.79),
E-12#20,E-12,interaction,114,p.26,"Interactions Between Flightdeck, ATC and FOC During an Off-Nominal Event in the Final Approach Phase of a Generic Flight.",off-nominal,Off-Nominal Event in the Final Approach Phase,,Off-Nominal: Missed approach,,20,Radio,FD,Captain,ATC,Departure - RA,Read back change of frequency,,Read back change of frequency,,,,,,2-4-3 (PDF p.79); 2-1-15 (PDF p.46); 2-4-1 (PDF p.79),
E-12#21,E-12,interaction,114,p.26,"Interactions Between Flightdeck, ATC and FOC During an Off-Nominal Event in the Final Approach Phase of a Generic Flight.",off-nominal,Off-Nominal Event in the Final Approach Phase,,Off-Nominal: Missed approach,,21,Radio,FD,Captain,ATC,Final Approach - R,"Establish contact: Give ID, runway, heading, altitude and speed",,"Establish contact: Give ID, runway, heading, altitude and speed",,,,,,2-1-15 (PDF p.46); 2-4-1 (PDF p.79),
E-12#22,E-12,interaction,114,p.26,"Interactions Between Flightdeck, ATC and FOC During an Off-Nominal Event in the Final Approach Phase of a Generic Flight.",off-nominal,Off-Nominal Event in the Final Approach Phase,,Off-Nominal: Missed approach,,22,Radio,ATC,Final Approach - R,FD,Captain,Read back ID,,Read back ID,,,,,,2-4-3 (PDF p.79),
E-12#23,E-12,interaction,114,p.26,"Interactions Between Flightdeck, ATC and FOC During an Off-Nominal Event in the Final Approach Phase of a Generic Flight.",off-nominal,Off-Nominal Event in the Final Approach Phase,,Off-Nominal: Missed approach,,23,Radio,ATC,Final Approach - R,FD,Captain,Clear runway,,Clear runway,,,,,,no rule matched,
E-12#24,E-12,interaction,114,p.26,"Interactions Between Flightdeck, ATC and FOC During an Off-Nominal Event in the Final Approach Phase of a Generic Flight.",off-nominal,Off-Nominal Event in the Final Approach Phase,,Off-Nominal: Missed approach,,24,Radio,FD,Captain,ATC,Final Approach - R,Read back runway assignment,,Read back runway assignment,,,,,,2-4-3 (PDF p.79),
E-12#25,E-12,interaction,114,p.26,"Interactions Between Flightdeck, ATC and FOC During an Off-Nominal Event in the Final Approach Phase of a Generic Flight.",off-nominal,Off-Nominal Event in the Final Approach Phase,,Off-Nominal: Missed approach,,25,Radio,ATC,Final Approach - R,FD,Captain,"Clear new heading, and lower altitude and speed",,"Clear new heading, and lower altitude and speed",,,,,,no rule matched,
E-12#26,E-12,interaction,114,p.26,"Interactions Between Flightdeck, ATC and FOC During an Off-Nominal Event in the Final Approach Phase of a Generic Flight.",off-nominal,Off-Nominal Event in the Final Approach Phase,,Off-Nominal: Missed approach,,26,Radio,FD,Captain,ATC,Final Approach - R,"Read back changes of heading, altitude, and speed",,"Read back changes of heading, altitude, and speed",,,,,,2-4-3 (PDF p.79),
E-12#27,E-12,interaction,114,p.26,"Interactions Between Flightdeck, ATC and FOC During an Off-Nominal Event in the Final Approach Phase of a Generic Flight.",off-nominal,Off-Nominal Event in the Final Approach Phase,,Off-Nominal: Missed approach,,27,Radio,FD,Captain,ATC,Final Approach - R,Request visual approach,,Request visual approach,,,,,,no rule matched,
E-12#28,E-12,interaction,114,p.26,"Interactions Between Flightdeck, ATC and FOC During an Off-Nominal Event in the Final Approach Phase of a Generic Flight.",off-nominal,Off-Nominal Event in the Final Approach Phase,,Off-Nominal: Missed approach,,28,Radio,ATC,Final Approach - R,FD,Captain,Clear visual approach,,Clear visual approach,,,,,,4-8-1 (PDF p.265),
E-12#29,E-12,interaction,114,p.26,"Interactions Between Flightdeck, ATC and FOC During an Off-Nominal Event in the Final Approach Phase of a Generic Flight.",off-nominal,Off-Nominal Event in the Final Approach Phase,,Off-Nominal: Missed approach,,29,Radio,ATC,Final Approach - R,FD,Captain,Request contact new frequency,,Request contact new frequency,,,,,,2-1-15 (PDF p.46); 2-4-1 (PDF p.79),
E-12#30,E-12,interaction,114,p.26,"Interactions Between Flightdeck, ATC and FOC During an Off-Nominal Event in the Final Approach Phase of a Generic Flight.",off-nominal,Off-Nominal Event in the Final Approach Phase,,Off-Nominal: Missed approach,,30,Radio,FD,Captain,ATC,Final Approach - R,Read back change of frequency,,Read back change of frequency,,,,,,2-4-3 (PDF p.79); 2-1-15 (PDF p.46); 2-4-1 (PDF p.79),
E-12#31,E-12,interaction,114,p.26,"Interactions Between Flightdeck, ATC and FOC During an Off-Nominal Event in the Final Approach Phase of a Generic Flight.",off-nominal,Off-Nominal Event in the Final Approach Phase,,Off-Nominal: Missed approach,,31,Radio,FD,Captain,ATC,Tower - LC,"Establish contact: Give ID, altitude and location",,"Establish contact: Give ID, altitude and location",,,,,,2-1-15 (PDF p.46); 2-4-1 (PDF p.79),
E-12#32,E-12,interaction,114,p.26,"Interactions Between Flightdeck, ATC and FOC During an Off-Nominal Event in the Final Approach Phase of a Generic Flight.",off-nominal,Off-Nominal Event in the Final Approach Phase,,Off-Nominal: Missed approach,,32,Radio,FD,Captain,ATC,Tower - LC,Request clearance for runway (final approach clearance),,Request clearance for runway (final approach clearance),,,,,,4-8-1 (PDF p.265),
E-12#33,E-12,interaction,114,p.26,"Interactions Between Flightdeck, ATC and FOC During an Off-Nominal Event in the Final Approach Phase of a Generic Flight.",off-nominal,Off-Nominal Event in the Final Approach Phase,,Off-Nominal: Missed approach,,33,Radio,ATC,Tower - LC,FD,Captain,"Read back ID, runway, altitude, location",,"Read back ID, runway, altitude, location",,,,,,2-4-3 (PDF p.79),
E-12#34,E-12,interaction,114,p.26,"Interactions Between Flightdeck, ATC and FOC During an Off-Nominal Event in the Final Approach Phase of a Generic Flight.",off-nominal,Off-Nominal Event in the Final Approach Phase,,Off-Nominal: Missed approach,,34,Radio,ATC,Tower - LC,FD,Captain,Advise traffic,If applicable,If applicable: Advise traffic,,,,,,no rule matched,
E-12#35,E-12,interaction,114,p.26,"Interactions Between Flightdeck, ATC and FOC During an Off-Nominal Event in the Final Approach Phase of a Generic Flight.",off-nominal,Off-Nominal Event in the Final Approach Phase,,Off-Nominal: Missed approach,,35,Radio,ATC,Tower - LC,FD,Captain,Clear to land,,Clear to land,,,,,,no rule matched,
E-12#36,E-12,interaction,114,p.26,"Interactions Between Flightdeck, ATC and FOC During an Off-Nominal Event in the Final Approach Phase of a Generic Flight.",off-nominal,Off-Nominal Event in the Final Approach Phase,,Off-Nominal: Missed approach,,36,Radio,FD,Captain,ATC,Tower - LC,Request wind condition,,Request wind condition,,,,,,no rule matched,
E-12#37,E-12,interaction,114,p.26,"Interactions Between Flightdeck, ATC and FOC During an Off-Nominal Event in the Final Approach Phase of a Generic Flight.",off-nominal,Off-Nominal Event in the Final Approach Phase,,Off-Nominal: Missed approach,,37,Radio,ATC,Tower - LC,FD,Captain,Advise wind condition,,Advise wind condition,,,,,,no rule matched,
,E-13,header,115,p.27,"Table E-13. Interactions Between Flightdeck, ATC and FOC During the Landing and Taxi-In Phases of a",mixed,Landing,,,phase,,,,,,,Landing,,,,,,,,,
E-13#01,E-13,interaction,115,p.27,"Table E-13. Interactions Between Flightdeck, ATC and FOC During the Landing and Taxi-In Phases of a",nominal,Landing,,,,1,ACARS,FD,ACARS,FOC,Flight Dispatcher,Send On The Ground report (automated),If equipped,If equipped: Send On The Ground report (automated),,,,,,,
E-13#02,E-13,interaction,115,p.27,"Table E-13. Interactions Between Flightdeck, ATC and FOC During the Landing and Taxi-In Phases of a",nominal,Landing,,,,2,Radio,ATC,Tower - LC,FD,Captain,Clear to taxiway off the runway,,Clear to taxiway off the runway,,,,,,3-7-2 (PDF p.152),
E-13#03,E-13,interaction,115,p.27,"Table E-13. Interactions Between Flightdeck, ATC and FOC During the Landing and Taxi-In Phases of a",nominal,Landing,,,,3,Radio,FD,Captain,ATC,Tower - LC,Read back taxiway off the runway,,Read back taxiway off the runway,,,,,,3-7-2 (PDF p.152); 2-4-3 (PDF p.79),
E-13#04,E-13,interaction,115,p.27,"Table E-13. Interactions Between Flightdeck, ATC and FOC During the Landing and Taxi-In Phases of a",nominal,Landing,,,,4,Radio,ATC,Tower - LC,FD,Captain,Request contact new frequency,,Request contact new frequency,,,,,,2-1-15 (PDF p.46); 2-4-1 (PDF p.79),
E-13#05,E-13,interaction,115,p.27,"Table E-13. Interactions Between Flightdeck, ATC and FOC During the Landing and Taxi-In Phases of a",nominal,Landing,,,,5,Radio,FD,Captain,ATC,Tower - LC,Read back change of frequency,,Read back change of frequency,,,,,,2-4-3 (PDF p.79); 2-1-15 (PDF p.46); 2-4-1 (PDF p.79),
,E-13,header,115,p.27,"Table E-13. Interactions Between Flightdeck, ATC and FOC During the Landing and Taxi-In Phases of a",mixed,Taxi-in,,,phase,,,,,,,Taxi-in,,,,,,,,,
E-13#06,E-13,interaction,115,p.27,"Table E-13. Interactions Between Flightdeck, ATC and FOC During the Landing and Taxi-In Phases of a",nominal,Taxi-in,,,,6,Radio,FD,Captain,ATC,Tower - GC,"Establish contact: Give ID, gate and position",,"Establish contact: Give ID, gate and position",,,,,,2-1-15 (PDF p.46); 2-4-1 (PDF p.79),
E-13#07,E-13,interaction,115,p.27,"Table E-13. Interactions Between Flightdeck, ATC and FOC During the Landing and Taxi-In Phases of a",nominal,Taxi-in,,,,7,Radio,ATC,Tower - GC,FD,Captain,"Read back ID, position and gate",,"Read back ID, position and gate",,,,,,2-4-3 (PDF p.79),
E-13#08,E-13,interaction,115,p.27,"Table E-13. Interactions Between Flightdeck, ATC and FOC During the Landing and Taxi-In Phases of a",nominal,Taxi-in,,,,8,Radio,ATC,Tower - GC,FD,Captain,Clear taxi route,,Clear taxi route,,,,,,3-7-2 (PDF p.152),
E-13#09,E-13,interaction,115,p.27,"Table E-13. Interactions Between Flightdeck, ATC and FOC During the Landing and Taxi-In Phases of a",nominal,Taxi-in,,,,9,Radio,FD,Captain,ATC,Tower - GC,Read back taxi route,,Read back taxi route,,,,,,3-7-2 (PDF p.152); 2-4-3 (PDF p.79),
E-13#10,E-13,interaction,115,p.27,"Table E-13. Interactions Between Flightdeck, ATC and FOC During the Landing and Taxi-In Phases of a",nominal,Taxi-in,,,,10,Face-to-Face,FD,Captain,RAMP,Ground,Establish visual contact,If applicable,If applicable: Establish visual contact,,,,,,,
E-13#11,E-13,interaction,115,p.27,"Table E-13. Interactions Between Flightdeck, ATC and FOC During the Landing and Taxi-In Phases of a",nominal,Taxi-in,,,,11,Face-to-Face,RAMP,Ground,FD,Captain,Guide aircraft to the jetway,If applicable,If applicable: Guide aircraft to the jetway,,,,,,,
,E-13,header,115,p.27,"Table E-13. Interactions Between Flightdeck, ATC and FOC During the Landing and Taxi-In Phases of a",mixed,,At the Gate,,sub-step,,,,,,,At the Gate,,,,,,,,,
E-13#12,E-13,interaction,115,p.27,"Table E-13. Interactions Between Flightdeck, ATC and FOC During the Landing and Taxi-In Phases of a",nominal,Taxi-in,At the Gate,,,12,ACARS,FD,ACARS,FOC,Flight Dispatcher,Send Into The Gate report (automated),If equipped,If equipped: Send Into The Gate report (automated),,,,,,,
E-13#13,E-13,interaction,115,p.27,"Table E-13. Interactions Between Flightdeck, ATC and FOC During the Landing and Taxi-In Phases of a",nominal,Taxi-in,At the Gate,,,13,Face-to-Face,RAMP,Ground,FD,Captain,Show sign aircraft gears are secured,,Show sign aircraft gears are secured,,,,,,,
,E-13,header,115,p.27,"Table E-13. Interactions Between Flightdeck, ATC and FOC During the Landing and Taxi-In Phases of a",mixed,,Shutdown,,sub-step,,,,,,,Shutdown,,,,,,,,,
